mediaID,deploymentID,sequenceID,captureMethod,timestamp,filePath,fileName,fileMediatype,exifData,favourite,comments,_id
1c53a1ce-6052-4280-b63f-f953ead7d879,0d620d0e-5da8-42e6-bcf2-56c11fb3d08e,a0d43340-d884-445a-b362-1d003621414c,motion detection,2017-10-02T19:06:43+01:00,https://multimedia.agouti.eu/assets/1c53a1ce-6052-4280-b63f-f953ead7d879/file,20221209135711-IMG_0001.JPG,image/jpeg,,,,
9f260612-e38b-4ce1-b6d0-9344650d001b,0d620d0e-5da8-42e6-bcf2-56c11fb3d08e,a0d43340-d884-445a-b362-1d003621414c,motion detection,2017-10-02T19:06:44+01:00,https://multimedia.agouti.eu/assets/9f260612-e38b-4ce1-b6d0-9344650d001b/file,20221209135712-IMG_0002.JPG,image/jpeg,,,,
d0fac925-ee3a-45d6-bd4c-c123ebecb9d3,0d620d0e-5da8-42e6-bcf2-56c11fb3d08e,a0d43340-d884-445a-b362-1d003621414c,motion detection,2017-10-02T19:06:45+01:00,https://multimedia.agouti.eu/assets/d0fac925-ee3a-45d6-bd4c-c123ebecb9d3/file,20221209135715-IMG_0003.JPG,image/jpeg,,,,
3056252d-b93b-4ad8-88ce-b784178c9f30,0d620d0e-5da8-42e6-bcf2-56c11fb3d08e,a0d43340-d884-445a-b362-1d003621414c,motion detection,2017-10-02T19:06:45+01:00,https://multimedia.agouti.eu/assets/3056252d-b93b-4ad8-88ce-b784178c9f30/file,20221209135715-IMG_0004.JPG,image/jpeg,,,,
8985e8e6-063b-4564-982a-94569280ef62,0d620d0e-5da8-42e6-bcf2-56c11fb3d08e,a0d43340-d884-445a-b362-1d003621414c,motion detection,2017-10-02T19:06:46+01:00,https://multimedia.agouti.eu/assets/8985e8e6-063b-4564-982a-94569280ef62/file,20221209135715-IMG_0005.JPG,image/jpeg,,,,
5e7e6d08-f142-4fac-acac-17e894585f87,0d620d0e-5da8-42e6-bcf2-56c11fb3d08e,a0d43340-d884-445a-b362-1d003621414c,motion detection,2017-10-02T19:06:47+01:00,https://multimedia.agouti.eu/assets/5e7e6d08-f142-4fac-acac-17e894585f87/file,20221209135716-IMG_0006.JPG,image/jpeg,,,,
f3a88821-660a-45f2-8680-38c775af4cd4,0d620d0e-5da8-42e6-bcf2-56c11fb3d08e,a0d43340-d884-445a-b362-1d003621414c,motion detection,2017-10-02T19:07:57+01:00,https://multimedia.agouti.eu/assets/f3a88821-660a-45f2-8680-38c775af4cd4/file,20221209135716-IMG_0011.JPG,image/jpeg,,,,
1265ba4f-259e-4dd2-b713-edbf53c07df3,0d620d0e-5da8-42e6-bcf2-56c11fb3d08e,a0d43340-d884-445a-b362-1d003621414c,motion detection,2017-10-02T19:07:58+01:00,https://multimedia.agouti.eu/assets/1265ba4f-259e-4dd2-b713-edbf53c07df3/file,20221209135716-IMG_0012.JPG,image/jpeg,,,,
2a1525e9-9b5c-4b16-875f-93a17a476d0f,0d620d0e-5da8-42e6-bcf2-56c11fb3d08e,a0d43340-d884-445a-b362-1d003621414c,motion detection,2017-10-02T19:07:58+01:00,https://multimedia.agouti.eu/assets/2a1525e9-9b5c-4b16-875f-93a17a476d0f/file,20221209135716-IMG_0013.JPG,image/jpeg,,,,
62c7bbf1-a8d5-46a0-91a0-b4fd5df260f5,0d620d0e-5da8-42e6-bcf2-56c11fb3d08e,a0d43340-d884-445a-b362-1d003621414c,motion detection,2017-10-02T19:07:59+01:00,https://multimedia.agouti.eu/assets/62c7bbf1-a8d5-46a0-91a0-b4fd5df260f5/file,20221209135717-IMG_0014.JPG,image/jpeg,,,,
abf0d52a-f018-4dd7-8f04-db6a0733eaab,0d620d0e-5da8-42e6-bcf2-56c11fb3d08e,a0d43340-d884-445a-b362-1d003621414c,motion detection,2017-10-02T19:07:59+01:00,https://multimedia.agouti.eu/assets/abf0d52a-f018-4dd7-8f04-db6a0733eaab/file,20221209135718-IMG_0015.JPG,image/jpeg,,,,
92f9a14c-a103-4545-a0ab-9dbbb7182a3a,0d620d0e-5da8-42e6-bcf2-56c11fb3d08e,a0d43340-d884-445a-b362-1d003621414c,motion detection,2017-10-02T19:08:00+01:00,https://multimedia.agouti.eu/assets/92f9a14c-a103-4545-a0ab-9dbbb7182a3a/file,20221209135718-IMG_0016.JPG,image/jpeg,,,,
889ba23b-0623-4302-bff5-ec5eef39760f,0d620d0e-5da8-42e6-bcf2-56c11fb3d08e,a0d43340-d884-445a-b362-1d003621414c,motion detection,2017-10-02T19:08:01+01:00,https://multimedia.agouti.eu/assets/889ba23b-0623-4302-bff5-ec5eef39760f/file,20221209135718-IMG_0017.JPG,image/jpeg,,,,
ad987885-bda8-432b-8d9e-7c9b1d07377e,0d620d0e-5da8-42e6-bcf2-56c11fb3d08e,a0d43340-d884-445a-b362-1d003621414c,motion detection,2017-10-02T19:08:01+01:00,https://multimedia.agouti.eu/assets/ad987885-bda8-432b-8d9e-7c9b1d07377e/file,20221209135719-IMG_0018.JPG,image/jpeg,,,,
700b6a1b-cc42-4c64-ab00-5770e4371340,0d620d0e-5da8-42e6-bcf2-56c11fb3d08e,a0d43340-d884-445a-b362-1d003621414c,motion detection,2017-10-02T19:08:02+01:00,https://multimedia.agouti.eu/assets/700b6a1b-cc42-4c64-ab00-5770e4371340/file,20221209135719-IMG_0019.JPG,image/jpeg,,,,
275b7213-98f9-4143-b9c1-cb9a99933320,0d620d0e-5da8-42e6-bcf2-56c11fb3d08e,a0d43340-d884-445a-b362-1d003621414c,motion detection,2017-10-02T19:08:03+01:00,https://multimedia.agouti.eu/assets/275b7213-98f9-4143-b9c1-cb9a99933320/file,20221209135719-IMG_0020.JPG,image/jpeg,,,,
b14a1a41-bdb9-4b5f-b23d-c627316f3cb5,0d620d0e-5da8-42e6-bcf2-56c11fb3d08e,a0d43340-d884-445a-b362-1d003621414c,motion detection,2017-10-02T19:08:04+01:00,https://multimedia.agouti.eu/assets/b14a1a41-bdb9-4b5f-b23d-c627316f3cb5/file,20221209135721-IMG_0021.JPG,image/jpeg,,,,
faeb8ab8-3b81-4059-a9ed-c627145cfbce,0d620d0e-5da8-42e6-bcf2-56c11fb3d08e,a0d43340-d884-445a-b362-1d003621414c,motion detection,2017-10-02T19:08:05+01:00,https://multimedia.agouti.eu/assets/faeb8ab8-3b81-4059-a9ed-c627145cfbce/file,20221209135720-IMG_0022.JPG,image/jpeg,,,,
4aed1eac-408b-4a73-bcad-d494dde418c1,0d620d0e-5da8-42e6-bcf2-56c11fb3d08e,9f216c2d-140f-4dae-adce-d05137249da6,motion detection,2017-10-03T06:17:04+01:00,https://multimedia.agouti.eu/assets/4aed1eac-408b-4a73-bcad-d494dde418c1/file,20221209135720-IMG_0031.JPG,image/jpeg,,,,
4b95ea46-ba68-4ecb-be29-9471894a23dc,0d620d0e-5da8-42e6-bcf2-56c11fb3d08e,9f216c2d-140f-4dae-adce-d05137249da6,motion detection,2017-10-03T06:17:05+01:00,https://multimedia.agouti.eu/assets/4b95ea46-ba68-4ecb-be29-9471894a23dc/file,20221209135720-IMG_0032.JPG,image/jpeg,,,,
88ef6b78-a460-4b90-b00a-76d4e727c3bc,0d620d0e-5da8-42e6-bcf2-56c11fb3d08e,9f216c2d-140f-4dae-adce-d05137249da6,motion detection,2017-10-03T06:17:06+01:00,https://multimedia.agouti.eu/assets/88ef6b78-a460-4b90-b00a-76d4e727c3bc/file,20221209135720-IMG_0033.JPG,image/jpeg,,,,
621679b3-9f74-4c41-b33f-8b753d97871c,0d620d0e-5da8-42e6-bcf2-56c11fb3d08e,9f216c2d-140f-4dae-adce-d05137249da6,motion detection,2017-10-03T06:17:08+01:00,https://multimedia.agouti.eu/assets/621679b3-9f74-4c41-b33f-8b753d97871c/file,20221209135721-IMG_0034.JPG,image/jpeg,,,,
914178ec-6d9d-45f5-851d-fd828a4790be,0d620d0e-5da8-42e6-bcf2-56c11fb3d08e,9f216c2d-140f-4dae-adce-d05137249da6,motion detection,2017-10-03T06:17:09+01:00,https://multimedia.agouti.eu/assets/914178ec-6d9d-45f5-851d-fd828a4790be/file,20221209135721-IMG_0035.JPG,image/jpeg,,,,
cb7690a8-6507-4b7b-b615-404d2ffbd9e2,0d620d0e-5da8-42e6-bcf2-56c11fb3d08e,9f216c2d-140f-4dae-adce-d05137249da6,motion detection,2017-10-03T06:17:10+01:00,https://multimedia.agouti.eu/assets/cb7690a8-6507-4b7b-b615-404d2ffbd9e2/file,20221209135721-IMG_0036.JPG,image/jpeg,,,,
5388ae77-08f6-4c7b-b425-c3903de40da5,0d620d0e-5da8-42e6-bcf2-56c11fb3d08e,9f216c2d-140f-4dae-adce-d05137249da6,motion detection,2017-10-03T06:17:12+01:00,https://multimedia.agouti.eu/assets/5388ae77-08f6-4c7b-b425-c3903de40da5/file,20221209135721-IMG_0037.JPG,image/jpeg,,,,
60c58cda-e405-4644-966f-4b2904ddbd98,0d620d0e-5da8-42e6-bcf2-56c11fb3d08e,9f216c2d-140f-4dae-adce-d05137249da6,motion detection,2017-10-03T06:17:13+01:00,https://multimedia.agouti.eu/assets/60c58cda-e405-4644-966f-4b2904ddbd98/file,20221209135722-IMG_0038.JPG,image/jpeg,,,,
4a1804f8-79b5-47aa-82bd-b34365de8bd8,0d620d0e-5da8-42e6-bcf2-56c11fb3d08e,9f216c2d-140f-4dae-adce-d05137249da6,motion detection,2017-10-03T06:17:14+01:00,https://multimedia.agouti.eu/assets/4a1804f8-79b5-47aa-82bd-b34365de8bd8/file,20221209135723-IMG_0039.JPG,image/jpeg,,,,
677d80af-6adc-4da9-a0cd-ccf4de847b64,0d620d0e-5da8-42e6-bcf2-56c11fb3d08e,9f216c2d-140f-4dae-adce-d05137249da6,motion detection,2017-10-03T06:17:14+01:00,https://multimedia.agouti.eu/assets/677d80af-6adc-4da9-a0cd-ccf4de847b64/file,20221209135723-IMG_0040.JPG,image/jpeg,,,,
2a29beb0-96a2-4709-90de-c155086c1f1e,0d620d0e-5da8-42e6-bcf2-56c11fb3d08e,9f216c2d-140f-4dae-adce-d05137249da6,motion detection,2017-10-03T06:17:16+01:00,https://multimedia.agouti.eu/assets/2a29beb0-96a2-4709-90de-c155086c1f1e/file,20221209135723-IMG_0041.JPG,image/jpeg,,,,
d61137e5-3837-46ea-94ba-39fa11ac4383,0d620d0e-5da8-42e6-bcf2-56c11fb3d08e,9f216c2d-140f-4dae-adce-d05137249da6,motion detection,2017-10-03T06:17:17+01:00,https://multimedia.agouti.eu/assets/d61137e5-3837-46ea-94ba-39fa11ac4383/file,20221209135723-IMG_0042.JPG,image/jpeg,,,,
361b472e-070c-4325-bd02-0f53c50510f8,0d620d0e-5da8-42e6-bcf2-56c11fb3d08e,9f216c2d-140f-4dae-adce-d05137249da6,motion detection,2017-10-03T06:17:18+01:00,https://multimedia.agouti.eu/assets/361b472e-070c-4325-bd02-0f53c50510f8/file,20221209135723-IMG_0043.JPG,image/jpeg,,,,
fa3811af-7bc2-49e0-90fa-f94707b186b5,0d620d0e-5da8-42e6-bcf2-56c11fb3d08e,9f216c2d-140f-4dae-adce-d05137249da6,motion detection,2017-10-03T06:17:19+01:00,https://multimedia.agouti.eu/assets/fa3811af-7bc2-49e0-90fa-f94707b186b5/file,20221209135724-IMG_0044.JPG,image/jpeg,,,,
be8b0985-ae37-4447-8024-c3b673e737f6,0d620d0e-5da8-42e6-bcf2-56c11fb3d08e,9f216c2d-140f-4dae-adce-d05137249da6,motion detection,2017-10-03T06:17:19+01:00,https://multimedia.agouti.eu/assets/be8b0985-ae37-4447-8024-c3b673e737f6/file,20221209135724-IMG_0045.JPG,image/jpeg,,,,
1aa2f6fc-f233-485e-a07f-2b8e1f53d56b,0d620d0e-5da8-42e6-bcf2-56c11fb3d08e,9f216c2d-140f-4dae-adce-d05137249da6,motion detection,2017-10-03T06:17:20+01:00,https://multimedia.agouti.eu/assets/1aa2f6fc-f233-485e-a07f-2b8e1f53d56b/file,20221209135724-IMG_0046.JPG,image/jpeg,,,,
5ab4939d-be48-47eb-b2e6-8e3978cb2b52,0d620d0e-5da8-42e6-bcf2-56c11fb3d08e,9f216c2d-140f-4dae-adce-d05137249da6,motion detection,2017-10-03T06:17:20+01:00,https://multimedia.agouti.eu/assets/5ab4939d-be48-47eb-b2e6-8e3978cb2b52/file,20221209135724-IMG_0047.JPG,image/jpeg,,,,
030cc0a5-c1db-4f5e-ae6f-21c8df898924,0d620d0e-5da8-42e6-bcf2-56c11fb3d08e,9f216c2d-140f-4dae-adce-d05137249da6,motion detection,2017-10-03T06:17:21+01:00,https://multimedia.agouti.eu/assets/030cc0a5-c1db-4f5e-ae6f-21c8df898924/file,20221209135725-IMG_0048.JPG,image/jpeg,,,,
ea402b5f-3405-4b90-a974-fb1e1d136466,0d620d0e-5da8-42e6-bcf2-56c11fb3d08e,9f216c2d-140f-4dae-adce-d05137249da6,motion detection,2017-10-03T06:17:22+01:00,https://multimedia.agouti.eu/assets/ea402b5f-3405-4b90-a974-fb1e1d136466/file,20221209135725-IMG_0049.JPG,image/jpeg,,,,
0072b695-4325-4f28-a519-6088fa62d580,0d620d0e-5da8-42e6-bcf2-56c11fb3d08e,9f216c2d-140f-4dae-adce-d05137249da6,motion detection,2017-10-03T06:17:22+01:00,https://multimedia.agouti.eu/assets/0072b695-4325-4f28-a519-6088fa62d580/file,20221209135725-IMG_0050.JPG,image/jpeg,,,,
8f776e10-0bfb-416b-a15f-da5d075a077c,0d620d0e-5da8-42e6-bcf2-56c11fb3d08e,9f216c2d-140f-4dae-adce-d05137249da6,motion detection,2017-10-03T06:17:23+01:00,https://multimedia.agouti.eu/assets/8f776e10-0bfb-416b-a15f-da5d075a077c/file,20221209135725-IMG_0051.JPG,image/jpeg,,,,
1f7222c9-0d7d-4098-97b3-748961077704,0d620d0e-5da8-42e6-bcf2-56c11fb3d08e,9f216c2d-140f-4dae-adce-d05137249da6,motion detection,2017-10-03T06:17:24+01:00,https://multimedia.agouti.eu/assets/1f7222c9-0d7d-4098-97b3-748961077704/file,20221209135726-IMG_0052.JPG,image/jpeg,,,,
32f06072-f9fa-4825-8ba7-a98fb5525a7d,0d620d0e-5da8-42e6-bcf2-56c11fb3d08e,9f216c2d-140f-4dae-adce-d05137249da6,motion detection,2017-10-03T06:17:25+01:00,https://multimedia.agouti.eu/assets/32f06072-f9fa-4825-8ba7-a98fb5525a7d/file,20221209135726-IMG_0053.JPG,image/jpeg,,,,
2cab070c-911d-4b4f-b4a5-1478241a245a,0d620d0e-5da8-42e6-bcf2-56c11fb3d08e,9f216c2d-140f-4dae-adce-d05137249da6,motion detection,2017-10-03T06:17:26+01:00,https://multimedia.agouti.eu/assets/2cab070c-911d-4b4f-b4a5-1478241a245a/file,20221209135727-IMG_0054.JPG,image/jpeg,,,,
a82072c2-b5a2-4302-896c-35d1847c7269,0d620d0e-5da8-42e6-bcf2-56c11fb3d08e,9f216c2d-140f-4dae-adce-d05137249da6,motion detection,2017-10-03T06:17:27+01:00,https://multimedia.agouti.eu/assets/a82072c2-b5a2-4302-896c-35d1847c7269/file,20221209135727-IMG_0055.JPG,image/jpeg,,,,
52ceb382-960e-42af-8480-481ad3f3beff,0d620d0e-5da8-42e6-bcf2-56c11fb3d08e,9f216c2d-140f-4dae-adce-d05137249da6,motion detection,2017-10-03T06:17:28+01:00,https://multimedia.agouti.eu/assets/52ceb382-960e-42af-8480-481ad3f3beff/file,20221209135727-IMG_0056.JPG,image/jpeg,,,,
7f8a1be7-99ee-4219-bbde-8e35a33cc1e8,0d620d0e-5da8-42e6-bcf2-56c11fb3d08e,9f216c2d-140f-4dae-adce-d05137249da6,motion detection,2017-10-03T06:17:28+01:00,https://multimedia.agouti.eu/assets/7f8a1be7-99ee-4219-bbde-8e35a33cc1e8/file,20221209135728-IMG_0057.JPG,image/jpeg,,,,
0f16eac5-551a-469a-839d-0be2d110eb5d,0d620d0e-5da8-42e6-bcf2-56c11fb3d08e,9f216c2d-140f-4dae-adce-d05137249da6,motion detection,2017-10-03T06:17:29+01:00,https://multimedia.agouti.eu/assets/0f16eac5-551a-469a-839d-0be2d110eb5d/file,20221209135728-IMG_0058.JPG,image/jpeg,,,,
78db87f5-bf96-42d1-b9be-c6300fb1c91e,0d620d0e-5da8-42e6-bcf2-56c11fb3d08e,9f216c2d-140f-4dae-adce-d05137249da6,motion detection,2017-10-03T06:17:29+01:00,https://multimedia.agouti.eu/assets/78db87f5-bf96-42d1-b9be-c6300fb1c91e/file,20221209135728-IMG_0059.JPG,image/jpeg,,,,
bf1a3261-c7ba-42b6-a36b-26ebb564e125,0d620d0e-5da8-42e6-bcf2-56c11fb3d08e,9f216c2d-140f-4dae-adce-d05137249da6,motion detection,2017-10-03T06:17:30+01:00,https://multimedia.agouti.eu/assets/bf1a3261-c7ba-42b6-a36b-26ebb564e125/file,20221209135729-IMG_0060.JPG,image/jpeg,,,,
7627bdae-a0c0-4043-9457-88cfc94bc4c4,0d620d0e-5da8-42e6-bcf2-56c11fb3d08e,9f216c2d-140f-4dae-adce-d05137249da6,motion detection,2017-10-03T06:17:32+01:00,https://multimedia.agouti.eu/assets/7627bdae-a0c0-4043-9457-88cfc94bc4c4/file,20221209135729-IMG_0061.JPG,image/jpeg,,,,
0591e222-1822-444b-a173-62d9580d094a,0d620d0e-5da8-42e6-bcf2-56c11fb3d08e,9f216c2d-140f-4dae-adce-d05137249da6,motion detection,2017-10-03T06:17:32+01:00,https://multimedia.agouti.eu/assets/0591e222-1822-444b-a173-62d9580d094a/file,20221209135729-IMG_0062.JPG,image/jpeg,,,,
13d023a8-31c3-4fab-8ba3-469b1b7bcb35,0d620d0e-5da8-42e6-bcf2-56c11fb3d08e,9f216c2d-140f-4dae-adce-d05137249da6,motion detection,2017-10-03T06:17:33+01:00,https://multimedia.agouti.eu/assets/13d023a8-31c3-4fab-8ba3-469b1b7bcb35/file,20221209135732-IMG_0063.JPG,image/jpeg,,,,
132216ef-f4a0-4f12-a031-11c8da5a40cb,0d620d0e-5da8-42e6-bcf2-56c11fb3d08e,9f216c2d-140f-4dae-adce-d05137249da6,motion detection,2017-10-03T06:17:34+01:00,https://multimedia.agouti.eu/assets/132216ef-f4a0-4f12-a031-11c8da5a40cb/file,20221209135730-IMG_0064.JPG,image/jpeg,,,,
bae5091a-6990-4ced-bbd2-f85b913855ff,0d620d0e-5da8-42e6-bcf2-56c11fb3d08e,9f216c2d-140f-4dae-adce-d05137249da6,motion detection,2017-10-03T06:17:34+01:00,https://multimedia.agouti.eu/assets/bae5091a-6990-4ced-bbd2-f85b913855ff/file,20221209135730-IMG_0065.JPG,image/jpeg,,,,
637c392d-11c1-456e-917b-789ca3e4909a,0d620d0e-5da8-42e6-bcf2-56c11fb3d08e,9f216c2d-140f-4dae-adce-d05137249da6,motion detection,2017-10-03T06:17:35+01:00,https://multimedia.agouti.eu/assets/637c392d-11c1-456e-917b-789ca3e4909a/file,20221209135731-IMG_0066.JPG,image/jpeg,,,,
4b22dde9-977f-4afb-86d1-e5cf5fa65d67,0d620d0e-5da8-42e6-bcf2-56c11fb3d08e,9f216c2d-140f-4dae-adce-d05137249da6,motion detection,2017-10-03T06:17:36+01:00,https://multimedia.agouti.eu/assets/4b22dde9-977f-4afb-86d1-e5cf5fa65d67/file,20221209135731-IMG_0067.JPG,image/jpeg,,,,
0bec1fa1-2f84-4928-a863-3b51e9a6cfdc,0d620d0e-5da8-42e6-bcf2-56c11fb3d08e,9f216c2d-140f-4dae-adce-d05137249da6,motion detection,2017-10-03T06:17:37+01:00,https://multimedia.agouti.eu/assets/0bec1fa1-2f84-4928-a863-3b51e9a6cfdc/file,20221209135731-IMG_0068.JPG,image/jpeg,,,,
8648392c-ed21-4bf7-953c-4048b347e745,0d620d0e-5da8-42e6-bcf2-56c11fb3d08e,9f216c2d-140f-4dae-adce-d05137249da6,motion detection,2017-10-03T06:17:37+01:00,https://multimedia.agouti.eu/assets/8648392c-ed21-4bf7-953c-4048b347e745/file,20221209135732-IMG_0069.JPG,image/jpeg,,,,
3ec07e9e-36e5-4340-8697-c8bef1c330f1,0d620d0e-5da8-42e6-bcf2-56c11fb3d08e,9f216c2d-140f-4dae-adce-d05137249da6,motion detection,2017-10-03T06:17:38+01:00,https://multimedia.agouti.eu/assets/3ec07e9e-36e5-4340-8697-c8bef1c330f1/file,20221209135732-IMG_0070.JPG,image/jpeg,,,,
bfdef5b4-78bf-446a-a18d-ddbc280624f6,0d620d0e-5da8-42e6-bcf2-56c11fb3d08e,9f216c2d-140f-4dae-adce-d05137249da6,motion detection,2017-10-03T06:17:50+01:00,https://multimedia.agouti.eu/assets/bfdef5b4-78bf-446a-a18d-ddbc280624f6/file,20221209135732-IMG_0071.JPG,image/jpeg,,,,
a8019efe-3d2c-4e30-9fc2-cd48303c5d2f,0d620d0e-5da8-42e6-bcf2-56c11fb3d08e,9f216c2d-140f-4dae-adce-d05137249da6,motion detection,2017-10-03T06:17:51+01:00,https://multimedia.agouti.eu/assets/a8019efe-3d2c-4e30-9fc2-cd48303c5d2f/file,20221209135732-IMG_0072.JPG,image/jpeg,,,,
699938ff-91de-45bf-a30f-93f99e250ee4,0d620d0e-5da8-42e6-bcf2-56c11fb3d08e,9f216c2d-140f-4dae-adce-d05137249da6,motion detection,2017-10-03T06:17:52+01:00,https://multimedia.agouti.eu/assets/699938ff-91de-45bf-a30f-93f99e250ee4/file,20221209135733-IMG_0073.JPG,image/jpeg,,,,
8754efe9-0760-4602-8e09-6618de7f6b23,0d620d0e-5da8-42e6-bcf2-56c11fb3d08e,9f216c2d-140f-4dae-adce-d05137249da6,motion detection,2017-10-03T06:17:53+01:00,https://multimedia.agouti.eu/assets/8754efe9-0760-4602-8e09-6618de7f6b23/file,20221209135733-IMG_0074.JPG,image/jpeg,,,,
5c645c06-dd5d-4f4d-999c-7b4a6b4c437b,0d620d0e-5da8-42e6-bcf2-56c11fb3d08e,9f216c2d-140f-4dae-adce-d05137249da6,motion detection,2017-10-03T06:17:53+01:00,https://multimedia.agouti.eu/assets/5c645c06-dd5d-4f4d-999c-7b4a6b4c437b/file,20221209135733-IMG_0075.JPG,image/jpeg,,,,
0d96ca36-66ab-44a5-bcd4-cf91935d57ae,0d620d0e-5da8-42e6-bcf2-56c11fb3d08e,9f216c2d-140f-4dae-adce-d05137249da6,motion detection,2017-10-03T06:17:54+01:00,https://multimedia.agouti.eu/assets/0d96ca36-66ab-44a5-bcd4-cf91935d57ae/file,20221209135734-IMG_0076.JPG,image/jpeg,,,,
5c066442-d582-4a62-9f1e-3c512f99c345,0d620d0e-5da8-42e6-bcf2-56c11fb3d08e,9f216c2d-140f-4dae-adce-d05137249da6,motion detection,2017-10-03T06:17:55+01:00,https://multimedia.agouti.eu/assets/5c066442-d582-4a62-9f1e-3c512f99c345/file,20221209135734-IMG_0077.JPG,image/jpeg,,,,
74051480-637c-4d54-8949-82167aca2d9c,0d620d0e-5da8-42e6-bcf2-56c11fb3d08e,9f216c2d-140f-4dae-adce-d05137249da6,motion detection,2017-10-03T06:17:55+01:00,https://multimedia.agouti.eu/assets/74051480-637c-4d54-8949-82167aca2d9c/file,20221209135735-IMG_0078.JPG,image/jpeg,,,,
809ae3eb-3f10-42da-a095-7e9bea76f785,0d620d0e-5da8-42e6-bcf2-56c11fb3d08e,9f216c2d-140f-4dae-adce-d05137249da6,motion detection,2017-10-03T06:17:56+01:00,https://multimedia.agouti.eu/assets/809ae3eb-3f10-42da-a095-7e9bea76f785/file,20221209135735-IMG_0079.JPG,image/jpeg,,,,
eb7c4930-bf00-4f17-8148-7b47caf6a4a0,0d620d0e-5da8-42e6-bcf2-56c11fb3d08e,9f216c2d-140f-4dae-adce-d05137249da6,motion detection,2017-10-03T06:17:57+01:00,https://multimedia.agouti.eu/assets/eb7c4930-bf00-4f17-8148-7b47caf6a4a0/file,20221209135735-IMG_0080.JPG,image/jpeg,,,,
06445743-674b-4372-ba97-ec485ca5021f,0d620d0e-5da8-42e6-bcf2-56c11fb3d08e,9f216c2d-140f-4dae-adce-d05137249da6,motion detection,2017-10-03T06:17:57+01:00,https://multimedia.agouti.eu/assets/06445743-674b-4372-ba97-ec485ca5021f/file,20221209135736-IMG_0081.JPG,image/jpeg,,,,
a15b2cc0-651f-4e4c-b1b3-ace55104ed6d,0d620d0e-5da8-42e6-bcf2-56c11fb3d08e,9f216c2d-140f-4dae-adce-d05137249da6,motion detection,2017-10-03T06:17:58+01:00,https://multimedia.agouti.eu/assets/a15b2cc0-651f-4e4c-b1b3-ace55104ed6d/file,20221209135736-IMG_0082.JPG,image/jpeg,,,,
70f81f6a-6be5-4a55-a8e6-e8fbccab837b,0d620d0e-5da8-42e6-bcf2-56c11fb3d08e,9f216c2d-140f-4dae-adce-d05137249da6,motion detection,2017-10-03T06:17:59+01:00,https://multimedia.agouti.eu/assets/70f81f6a-6be5-4a55-a8e6-e8fbccab837b/file,20221209135736-IMG_0083.JPG,image/jpeg,,,,
284c1033-bf5b-4e24-b0ed-44c099a33516,0d620d0e-5da8-42e6-bcf2-56c11fb3d08e,9f216c2d-140f-4dae-adce-d05137249da6,motion detection,2017-10-03T06:18:00+01:00,https://multimedia.agouti.eu/assets/284c1033-bf5b-4e24-b0ed-44c099a33516/file,20221209135737-IMG_0084.JPG,image/jpeg,,,,
2e94b8f3-206f-40eb-87ee-672d82ecef4f,0d620d0e-5da8-42e6-bcf2-56c11fb3d08e,9f216c2d-140f-4dae-adce-d05137249da6,motion detection,2017-10-03T06:18:00+01:00,https://multimedia.agouti.eu/assets/2e94b8f3-206f-40eb-87ee-672d82ecef4f/file,20221209135737-IMG_0085.JPG,image/jpeg,,,,
7c89acdf-c831-465a-ba00-91b73ed3dfe4,0d620d0e-5da8-42e6-bcf2-56c11fb3d08e,9f216c2d-140f-4dae-adce-d05137249da6,motion detection,2017-10-03T06:18:01+01:00,https://multimedia.agouti.eu/assets/7c89acdf-c831-465a-ba00-91b73ed3dfe4/file,20221209135738-IMG_0086.JPG,image/jpeg,,,,
9c59f5b3-bb4a-43a6-a329-2be406f58732,0d620d0e-5da8-42e6-bcf2-56c11fb3d08e,9f216c2d-140f-4dae-adce-d05137249da6,motion detection,2017-10-03T06:18:01+01:00,https://multimedia.agouti.eu/assets/9c59f5b3-bb4a-43a6-a329-2be406f58732/file,20221209135738-IMG_0087.JPG,image/jpeg,,,,
b361c567-30c6-4400-82dc-af83be2731bf,0d620d0e-5da8-42e6-bcf2-56c11fb3d08e,9f216c2d-140f-4dae-adce-d05137249da6,motion detection,2017-10-03T06:18:02+01:00,https://multimedia.agouti.eu/assets/b361c567-30c6-4400-82dc-af83be2731bf/file,20221209135738-IMG_0088.JPG,image/jpeg,,,,
bbd62815-e218-4c40-9600-848833ce05ff,0d620d0e-5da8-42e6-bcf2-56c11fb3d08e,9f216c2d-140f-4dae-adce-d05137249da6,motion detection,2017-10-03T06:18:03+01:00,https://multimedia.agouti.eu/assets/bbd62815-e218-4c40-9600-848833ce05ff/file,20221209135738-IMG_0089.JPG,image/jpeg,,,,
d70d832b-f362-49e6-8d33-4fa5468d9e26,0d620d0e-5da8-42e6-bcf2-56c11fb3d08e,9f216c2d-140f-4dae-adce-d05137249da6,motion detection,2017-10-03T06:18:03+01:00,https://multimedia.agouti.eu/assets/d70d832b-f362-49e6-8d33-4fa5468d9e26/file,20221209135739-IMG_0090.JPG,image/jpeg,,,,
3214ab73-a514-4eba-a324-c6a52005afe2,0d620d0e-5da8-42e6-bcf2-56c11fb3d08e,9f216c2d-140f-4dae-adce-d05137249da6,motion detection,2017-10-03T06:18:06+01:00,https://multimedia.agouti.eu/assets/3214ab73-a514-4eba-a324-c6a52005afe2/file,20221209135739-IMG_0091.JPG,image/jpeg,,,,
bd74bf09-6e8f-4f1e-a395-1c7366d2989b,0d620d0e-5da8-42e6-bcf2-56c11fb3d08e,9f216c2d-140f-4dae-adce-d05137249da6,motion detection,2017-10-03T06:18:07+01:00,https://multimedia.agouti.eu/assets/bd74bf09-6e8f-4f1e-a395-1c7366d2989b/file,20221209135739-IMG_0092.JPG,image/jpeg,,,,
f84d817f-4287-4905-9439-5580168d8e43,0d620d0e-5da8-42e6-bcf2-56c11fb3d08e,9f216c2d-140f-4dae-adce-d05137249da6,motion detection,2017-10-03T06:18:07+01:00,https://multimedia.agouti.eu/assets/f84d817f-4287-4905-9439-5580168d8e43/file,20221209135740-IMG_0093.JPG,image/jpeg,,,,
89608428-7347-43c0-a48a-4f2ed0197c2e,0d620d0e-5da8-42e6-bcf2-56c11fb3d08e,9f216c2d-140f-4dae-adce-d05137249da6,motion detection,2017-10-03T06:18:08+01:00,https://multimedia.agouti.eu/assets/89608428-7347-43c0-a48a-4f2ed0197c2e/file,20221209135740-IMG_0094.JPG,image/jpeg,,,,
5a236c8c-a5d4-45ea-a0ac-ee2db0f30826,0d620d0e-5da8-42e6-bcf2-56c11fb3d08e,9f216c2d-140f-4dae-adce-d05137249da6,motion detection,2017-10-03T06:18:09+01:00,https://multimedia.agouti.eu/assets/5a236c8c-a5d4-45ea-a0ac-ee2db0f30826/file,20221209135740-IMG_0095.JPG,image/jpeg,,,,
1d2e6dcf-d9a3-4f21-87cb-cace09f665d5,0d620d0e-5da8-42e6-bcf2-56c11fb3d08e,9f216c2d-140f-4dae-adce-d05137249da6,motion detection,2017-10-03T06:18:09+01:00,https://multimedia.agouti.eu/assets/1d2e6dcf-d9a3-4f21-87cb-cace09f665d5/file,20221209135741-IMG_0096.JPG,image/jpeg,,,,
4d17931c-0067-4915-ac54-314110cd9c64,0d620d0e-5da8-42e6-bcf2-56c11fb3d08e,9f216c2d-140f-4dae-adce-d05137249da6,motion detection,2017-10-03T06:18:10+01:00,https://multimedia.agouti.eu/assets/4d17931c-0067-4915-ac54-314110cd9c64/file,20221209135743-IMG_0097.JPG,image/jpeg,,,,
0981ffd2-2f42-438b-aeac-c444a9d2371a,0d620d0e-5da8-42e6-bcf2-56c11fb3d08e,9f216c2d-140f-4dae-adce-d05137249da6,motion detection,2017-10-03T06:18:11+01:00,https://multimedia.agouti.eu/assets/0981ffd2-2f42-438b-aeac-c444a9d2371a/file,20221209135741-IMG_0098.JPG,image/jpeg,,,,
6e906762-c5d8-43c3-ac00-adb6644436b5,0d620d0e-5da8-42e6-bcf2-56c11fb3d08e,9f216c2d-140f-4dae-adce-d05137249da6,motion detection,2017-10-03T06:18:11+01:00,https://multimedia.agouti.eu/assets/6e906762-c5d8-43c3-ac00-adb6644436b5/file,20221209135742-IMG_0099.JPG,image/jpeg,,,,
d1f80854-ed34-4cb1-b859-fabf7ed8a97e,0d620d0e-5da8-42e6-bcf2-56c11fb3d08e,9f216c2d-140f-4dae-adce-d05137249da6,motion detection,2017-10-03T06:18:12+01:00,https://multimedia.agouti.eu/assets/d1f80854-ed34-4cb1-b859-fabf7ed8a97e/file,20221209135743-IMG_0100.JPG,image/jpeg,,,,
00fa95c1-e0c2-4b74-8ed5-09b1274f11a0,0d620d0e-5da8-42e6-bcf2-56c11fb3d08e,9f216c2d-140f-4dae-adce-d05137249da6,motion detection,2017-10-03T06:18:18+01:00,https://multimedia.agouti.eu/assets/00fa95c1-e0c2-4b74-8ed5-09b1274f11a0/file,20221209135742-IMG_0101.JPG,image/jpeg,,,,
37958545-b6df-48e8-8996-beb77efe3ce2,0d620d0e-5da8-42e6-bcf2-56c11fb3d08e,9f216c2d-140f-4dae-adce-d05137249da6,motion detection,2017-10-03T06:18:19+01:00,https://multimedia.agouti.eu/assets/37958545-b6df-48e8-8996-beb77efe3ce2/file,20221209135743-IMG_0102.JPG,image/jpeg,,,,
3745f8b2-e575-47db-8207-36b77730f30a,0d620d0e-5da8-42e6-bcf2-56c11fb3d08e,9f216c2d-140f-4dae-adce-d05137249da6,motion detection,2017-10-03T06:18:20+01:00,https://multimedia.agouti.eu/assets/3745f8b2-e575-47db-8207-36b77730f30a/file,20221209135743-IMG_0103.JPG,image/jpeg,,,,
79708775-3b03-4888-90c3-f0bc8a7c5214,0d620d0e-5da8-42e6-bcf2-56c11fb3d08e,9f216c2d-140f-4dae-adce-d05137249da6,motion detection,2017-10-03T06:18:20+01:00,https://multimedia.agouti.eu/assets/79708775-3b03-4888-90c3-f0bc8a7c5214/file,20221209135751-IMG_0104.JPG,image/jpeg,,,,
af847763-01d2-41e0-9626-8580456b3f8a,0d620d0e-5da8-42e6-bcf2-56c11fb3d08e,9f216c2d-140f-4dae-adce-d05137249da6,motion detection,2017-10-03T06:18:21+01:00,https://multimedia.agouti.eu/assets/af847763-01d2-41e0-9626-8580456b3f8a/file,20221209135756-IMG_0105.JPG,image/jpeg,,,,
b3d907b5-ba85-4803-9655-3e0d53688270,0d620d0e-5da8-42e6-bcf2-56c11fb3d08e,9f216c2d-140f-4dae-adce-d05137249da6,motion detection,2017-10-03T06:18:22+01:00,https://multimedia.agouti.eu/assets/b3d907b5-ba85-4803-9655-3e0d53688270/file,20221209135757-IMG_0106.JPG,image/jpeg,,,,
81dcdfe0-b137-4ae1-a4a7-5afe449b6f37,0d620d0e-5da8-42e6-bcf2-56c11fb3d08e,9f216c2d-140f-4dae-adce-d05137249da6,motion detection,2017-10-03T06:18:22+01:00,https://multimedia.agouti.eu/assets/81dcdfe0-b137-4ae1-a4a7-5afe449b6f37/file,20221209135757-IMG_0107.JPG,image/jpeg,,,,
f22d8406-771f-4c7b-a228-4c4375f267e9,0d620d0e-5da8-42e6-bcf2-56c11fb3d08e,9f216c2d-140f-4dae-adce-d05137249da6,motion detection,2017-10-03T06:18:23+01:00,https://multimedia.agouti.eu/assets/f22d8406-771f-4c7b-a228-4c4375f267e9/file,20221209135757-IMG_0109.JPG,image/jpeg,,,,
219c387a-7212-4ebf-a078-e1f714b10c09,0d620d0e-5da8-42e6-bcf2-56c11fb3d08e,9f216c2d-140f-4dae-adce-d05137249da6,motion detection,2017-10-03T06:18:23+01:00,https://multimedia.agouti.eu/assets/219c387a-7212-4ebf-a078-e1f714b10c09/file,20221209135758-IMG_0108.JPG,image/jpeg,,,,
3c58d832-ccd5-43e7-9852-8baaf3b52785,0d620d0e-5da8-42e6-bcf2-56c11fb3d08e,9f216c2d-140f-4dae-adce-d05137249da6,motion detection,2017-10-03T06:18:24+01:00,https://multimedia.agouti.eu/assets/3c58d832-ccd5-43e7-9852-8baaf3b52785/file,20221209135757-IMG_0110.JPG,image/jpeg,,,,
a49a5050-2378-4f36-af7a-c8e9d04c41b5,0d620d0e-5da8-42e6-bcf2-56c11fb3d08e,9f216c2d-140f-4dae-adce-d05137249da6,motion detection,2017-10-03T06:18:46+01:00,https://multimedia.agouti.eu/assets/a49a5050-2378-4f36-af7a-c8e9d04c41b5/file,20221209135758-IMG_0111.JPG,image/jpeg,,,,
90711eed-a565-428a-a702-2d9fb8187750,0d620d0e-5da8-42e6-bcf2-56c11fb3d08e,9f216c2d-140f-4dae-adce-d05137249da6,motion detection,2017-10-03T06:18:47+01:00,https://multimedia.agouti.eu/assets/90711eed-a565-428a-a702-2d9fb8187750/file,20221209135758-IMG_0112.JPG,image/jpeg,,,,
f5b71976-0011-45ec-a918-7636c428cce0,0d620d0e-5da8-42e6-bcf2-56c11fb3d08e,2ac0a335-6eea-4729-bc50-c7604024cf22,motion detection,2017-10-12T20:11:44+01:00,https://multimedia.agouti.eu/assets/f5b71976-0011-45ec-a918-7636c428cce0/file,20221209135759-IMG_0141.JPG,image/jpeg,,,,
87a19576-2617-417f-a70a-418adf9984c7,0d620d0e-5da8-42e6-bcf2-56c11fb3d08e,2ac0a335-6eea-4729-bc50-c7604024cf22,motion detection,2017-10-12T20:11:45+01:00,https://multimedia.agouti.eu/assets/87a19576-2617-417f-a70a-418adf9984c7/file,20221209135759-IMG_0143.JPG,image/jpeg,,,,
59c3f96e-441d-4aba-b22d-c2b87d96dbcd,0d620d0e-5da8-42e6-bcf2-56c11fb3d08e,2ac0a335-6eea-4729-bc50-c7604024cf22,motion detection,2017-10-12T20:11:45+01:00,https://multimedia.agouti.eu/assets/59c3f96e-441d-4aba-b22d-c2b87d96dbcd/file,20221209135800-IMG_0142.JPG,image/jpeg,,,,
69de60fc-e18b-42ef-8b15-96b9b1c291a2,0d620d0e-5da8-42e6-bcf2-56c11fb3d08e,2ac0a335-6eea-4729-bc50-c7604024cf22,motion detection,2017-10-12T20:11:46+01:00,https://multimedia.agouti.eu/assets/69de60fc-e18b-42ef-8b15-96b9b1c291a2/file,20221209135800-IMG_0144.JPG,image/jpeg,,,,
9c99e792-b90b-43fc-b435-eed67c4ae709,0d620d0e-5da8-42e6-bcf2-56c11fb3d08e,2ac0a335-6eea-4729-bc50-c7604024cf22,motion detection,2017-10-12T20:11:46+01:00,https://multimedia.agouti.eu/assets/9c99e792-b90b-43fc-b435-eed67c4ae709/file,20221209135800-IMG_0145.JPG,image/jpeg,,,,
689d9a72-fc68-44cb-a2f5-6f51cf4f17f6,6c920a31-cf07-496f-aa4f-846a428f450a,90227e8b-9fe2-4f57-914d-b48685f84a81,motion detection,2017-10-12T12:09:35+01:00,https://multimedia.agouti.eu/assets/689d9a72-fc68-44cb-a2f5-6f51cf4f17f6/file,20221209141125-IMG_0141.JPG,image/jpeg,,,,
ee59167a-ecc2-4f3f-ba5b-9e04f2c6e371,6c920a31-cf07-496f-aa4f-846a428f450a,90227e8b-9fe2-4f57-914d-b48685f84a81,motion detection,2017-10-12T12:09:37+01:00,https://multimedia.agouti.eu/assets/ee59167a-ecc2-4f3f-ba5b-9e04f2c6e371/file,20221209141125-IMG_0142.JPG,image/jpeg,,,,
31632461-e9e5-4898-acc9-f8c12d5fa25a,6c920a31-cf07-496f-aa4f-846a428f450a,90227e8b-9fe2-4f57-914d-b48685f84a81,motion detection,2017-10-12T12:09:38+01:00,https://multimedia.agouti.eu/assets/31632461-e9e5-4898-acc9-f8c12d5fa25a/file,20221209141125-IMG_0143.JPG,image/jpeg,,,,
44834303-84bf-4277-bf38-17905b3ffbf3,6c920a31-cf07-496f-aa4f-846a428f450a,90227e8b-9fe2-4f57-914d-b48685f84a81,motion detection,2017-10-12T12:09:39+01:00,https://multimedia.agouti.eu/assets/44834303-84bf-4277-bf38-17905b3ffbf3/file,20221209141125-IMG_0144.JPG,image/jpeg,,,,
90bbcc2e-45e8-42d7-bba0-f0fd31f82df6,6c920a31-cf07-496f-aa4f-846a428f450a,90227e8b-9fe2-4f57-914d-b48685f84a81,motion detection,2017-10-12T12:09:40+01:00,https://multimedia.agouti.eu/assets/90bbcc2e-45e8-42d7-bba0-f0fd31f82df6/file,20221209141125-IMG_0145.JPG,image/jpeg,,,,
dafed27b-823a-4b4a-9f3f-096787d6dfd2,6c920a31-cf07-496f-aa4f-846a428f450a,90227e8b-9fe2-4f57-914d-b48685f84a81,motion detection,2017-10-12T12:09:42+01:00,https://multimedia.agouti.eu/assets/dafed27b-823a-4b4a-9f3f-096787d6dfd2/file,20221209141125-IMG_0147.JPG,image/jpeg,,,,
899ddbb1-8dc5-482a-be98-8905aa406c0b,6c920a31-cf07-496f-aa4f-846a428f450a,90227e8b-9fe2-4f57-914d-b48685f84a81,motion detection,2017-10-12T12:09:43+01:00,https://multimedia.agouti.eu/assets/899ddbb1-8dc5-482a-be98-8905aa406c0b/file,20221209141125-IMG_0148.JPG,image/jpeg,,,,
58d5404e-f29c-4613-b525-88c320df7bf7,6c920a31-cf07-496f-aa4f-846a428f450a,90227e8b-9fe2-4f57-914d-b48685f84a81,motion detection,2017-10-12T12:09:54+01:00,https://multimedia.agouti.eu/assets/58d5404e-f29c-4613-b525-88c320df7bf7/file,20221209141125-IMG_0154.JPG,image/jpeg,,,,
7d8157eb-e84f-43c6-b7f7-2fde25850977,6c920a31-cf07-496f-aa4f-846a428f450a,90227e8b-9fe2-4f57-914d-b48685f84a81,motion detection,2017-10-12T12:09:55+01:00,https://multimedia.agouti.eu/assets/7d8157eb-e84f-43c6-b7f7-2fde25850977/file,20221209141125-IMG_0155.JPG,image/jpeg,,,,
092c18be-8519-40c4-ae40-0f46ac37751c,6c920a31-cf07-496f-aa4f-846a428f450a,90227e8b-9fe2-4f57-914d-b48685f84a81,motion detection,2017-10-12T12:09:57+01:00,https://multimedia.agouti.eu/assets/092c18be-8519-40c4-ae40-0f46ac37751c/file,20221209141125-IMG_0156.JPG,image/jpeg,,,,
41a2bf3a-c701-4be5-b926-95cfe15d4bc2,6c920a31-cf07-496f-aa4f-846a428f450a,90227e8b-9fe2-4f57-914d-b48685f84a81,motion detection,2017-10-12T12:09:58+01:00,https://multimedia.agouti.eu/assets/41a2bf3a-c701-4be5-b926-95cfe15d4bc2/file,20221209141125-IMG_0157.JPG,image/jpeg,,,,
ef86d913-a5c0-4648-bd02-6dc6209503d9,6c920a31-cf07-496f-aa4f-846a428f450a,90227e8b-9fe2-4f57-914d-b48685f84a81,motion detection,2017-10-12T12:09:59+01:00,https://multimedia.agouti.eu/assets/ef86d913-a5c0-4648-bd02-6dc6209503d9/file,20221209141125-IMG_0158.JPG,image/jpeg,,,,
3f2d7dae-a4c0-426c-aaaa-6a461c7dc229,6c920a31-cf07-496f-aa4f-846a428f450a,90227e8b-9fe2-4f57-914d-b48685f84a81,motion detection,2017-10-12T12:10:00+01:00,https://multimedia.agouti.eu/assets/3f2d7dae-a4c0-426c-aaaa-6a461c7dc229/file,20221209141125-IMG_0159.JPG,image/jpeg,,,,
0ca0f029-5ec0-46dc-b0c7-ec3544a8b243,6c920a31-cf07-496f-aa4f-846a428f450a,90227e8b-9fe2-4f57-914d-b48685f84a81,motion detection,2017-10-12T12:10:01+01:00,https://multimedia.agouti.eu/assets/0ca0f029-5ec0-46dc-b0c7-ec3544a8b243/file,20221209141125-IMG_0160.JPG,image/jpeg,,,,
8582c13c-e323-48dd-9afe-ad1990b37e5c,6c920a31-cf07-496f-aa4f-846a428f450a,90227e8b-9fe2-4f57-914d-b48685f84a81,motion detection,2017-10-12T12:10:02+01:00,https://multimedia.agouti.eu/assets/8582c13c-e323-48dd-9afe-ad1990b37e5c/file,20221209141125-IMG_0161.JPG,image/jpeg,,,,
881af2e2-f7b0-4e99-972c-01da2fc0829d,6c920a31-cf07-496f-aa4f-846a428f450a,90227e8b-9fe2-4f57-914d-b48685f84a81,motion detection,2017-10-12T12:10:03+01:00,https://multimedia.agouti.eu/assets/881af2e2-f7b0-4e99-972c-01da2fc0829d/file,20221209141126-IMG_0162.JPG,image/jpeg,,,,
c63b8a49-081e-4db0-ab14-9c87e2c8eba4,6c920a31-cf07-496f-aa4f-846a428f450a,90227e8b-9fe2-4f57-914d-b48685f84a81,motion detection,2017-10-12T12:10:04+01:00,https://multimedia.agouti.eu/assets/c63b8a49-081e-4db0-ab14-9c87e2c8eba4/file,20221209141125-IMG_0163.JPG,image/jpeg,,,,
be2f283d-40a7-46f1-87fe-d09e71d7af66,6c920a31-cf07-496f-aa4f-846a428f450a,90227e8b-9fe2-4f57-914d-b48685f84a81,motion detection,2017-10-12T12:10:05+01:00,https://multimedia.agouti.eu/assets/be2f283d-40a7-46f1-87fe-d09e71d7af66/file,20221209141125-IMG_0164.JPG,image/jpeg,,,,
9fc76b2e-6a5a-4e92-970b-b3d9083b0f1a,6c920a31-cf07-496f-aa4f-846a428f450a,90227e8b-9fe2-4f57-914d-b48685f84a81,motion detection,2017-10-12T12:10:06+01:00,https://multimedia.agouti.eu/assets/9fc76b2e-6a5a-4e92-970b-b3d9083b0f1a/file,20221209141125-IMG_0165.JPG,image/jpeg,,,,
f121f366-5a85-4244-93e8-552f1b9797a3,6c920a31-cf07-496f-aa4f-846a428f450a,90227e8b-9fe2-4f57-914d-b48685f84a81,motion detection,2017-10-12T12:10:07+01:00,https://multimedia.agouti.eu/assets/f121f366-5a85-4244-93e8-552f1b9797a3/file,20221209141125-IMG_0166.JPG,image/jpeg,,,,
7bc9afe8-0064-439d-89fe-6efd2e4cec80,6c920a31-cf07-496f-aa4f-846a428f450a,90227e8b-9fe2-4f57-914d-b48685f84a81,motion detection,2017-10-12T12:10:09+01:00,https://multimedia.agouti.eu/assets/7bc9afe8-0064-439d-89fe-6efd2e4cec80/file,20221209141126-IMG_0167.JPG,image/jpeg,,,,
7ee3b666-5896-4065-aa66-7962c2d662b5,6c920a31-cf07-496f-aa4f-846a428f450a,90227e8b-9fe2-4f57-914d-b48685f84a81,motion detection,2017-10-12T12:10:10+01:00,https://multimedia.agouti.eu/assets/7ee3b666-5896-4065-aa66-7962c2d662b5/file,20221209141126-IMG_0168.JPG,image/jpeg,,,,
9f93910c-041b-4a9f-9450-c5eac3113105,6c920a31-cf07-496f-aa4f-846a428f450a,90227e8b-9fe2-4f57-914d-b48685f84a81,motion detection,2017-10-12T12:10:11+01:00,https://multimedia.agouti.eu/assets/9f93910c-041b-4a9f-9450-c5eac3113105/file,20221209141126-IMG_0169.JPG,image/jpeg,,,,
14ba1561-5177-48b9-a210-33e63c6bbac4,6c920a31-cf07-496f-aa4f-846a428f450a,90227e8b-9fe2-4f57-914d-b48685f84a81,motion detection,2017-10-12T12:10:12+01:00,https://multimedia.agouti.eu/assets/14ba1561-5177-48b9-a210-33e63c6bbac4/file,20221209141126-IMG_0170.JPG,image/jpeg,,,,
e9d44819-bf74-443d-b1d8-6f899ea6b911,6c920a31-cf07-496f-aa4f-846a428f450a,90227e8b-9fe2-4f57-914d-b48685f84a81,motion detection,2017-10-12T12:10:14+01:00,https://multimedia.agouti.eu/assets/e9d44819-bf74-443d-b1d8-6f899ea6b911/file,20221209141126-IMG_0171.JPG,image/jpeg,,,,
9b22e71a-4d5b-42ea-b723-89ba4b5c59aa,6c920a31-cf07-496f-aa4f-846a428f450a,90227e8b-9fe2-4f57-914d-b48685f84a81,motion detection,2017-10-12T12:10:15+01:00,https://multimedia.agouti.eu/assets/9b22e71a-4d5b-42ea-b723-89ba4b5c59aa/file,20221209141126-IMG_0172.JPG,image/jpeg,,,,
c19e8303-0c29-4663-9801-a82d2d956aee,6c920a31-cf07-496f-aa4f-846a428f450a,90227e8b-9fe2-4f57-914d-b48685f84a81,motion detection,2017-10-12T12:10:16+01:00,https://multimedia.agouti.eu/assets/c19e8303-0c29-4663-9801-a82d2d956aee/file,20221209141126-IMG_0173.JPG,image/jpeg,,,,
a8f598da-8eb0-4922-87e4-95c7fd23fffc,6c920a31-cf07-496f-aa4f-846a428f450a,90227e8b-9fe2-4f57-914d-b48685f84a81,motion detection,2017-10-12T12:10:17+01:00,https://multimedia.agouti.eu/assets/a8f598da-8eb0-4922-87e4-95c7fd23fffc/file,20221209141126-IMG_0174.JPG,image/jpeg,,,,
a7633c68-4f3d-4ff5-86fb-31dbb9c09975,6c920a31-cf07-496f-aa4f-846a428f450a,90227e8b-9fe2-4f57-914d-b48685f84a81,motion detection,2017-10-12T12:10:18+01:00,https://multimedia.agouti.eu/assets/a7633c68-4f3d-4ff5-86fb-31dbb9c09975/file,20221209141126-IMG_0175.JPG,image/jpeg,,,,
eadbc642-763a-4991-a8a7-22de07aad8ee,6c920a31-cf07-496f-aa4f-846a428f450a,90227e8b-9fe2-4f57-914d-b48685f84a81,motion detection,2017-10-12T12:10:19+01:00,https://multimedia.agouti.eu/assets/eadbc642-763a-4991-a8a7-22de07aad8ee/file,20221209141126-IMG_0176.JPG,image/jpeg,,,,
c4384601-7fcf-4656-ab9e-1c0a7fb0f41a,6c920a31-cf07-496f-aa4f-846a428f450a,90227e8b-9fe2-4f57-914d-b48685f84a81,motion detection,2017-10-12T12:10:20+01:00,https://multimedia.agouti.eu/assets/c4384601-7fcf-4656-ab9e-1c0a7fb0f41a/file,20221209141126-IMG_0177.JPG,image/jpeg,,,,
3605eafb-fb08-406e-9cc8-7241083e0c1b,6c920a31-cf07-496f-aa4f-846a428f450a,90227e8b-9fe2-4f57-914d-b48685f84a81,motion detection,2017-10-12T12:10:22+01:00,https://multimedia.agouti.eu/assets/3605eafb-fb08-406e-9cc8-7241083e0c1b/file,20221209141127-IMG_0178.JPG,image/jpeg,,,,
736e820f-e764-4905-aa9d-dd55b3f8dc92,6c920a31-cf07-496f-aa4f-846a428f450a,90227e8b-9fe2-4f57-914d-b48685f84a81,motion detection,2017-10-12T12:10:23+01:00,https://multimedia.agouti.eu/assets/736e820f-e764-4905-aa9d-dd55b3f8dc92/file,20221209141127-IMG_0179.JPG,image/jpeg,,,,
87d98bac-aff8-4baf-90d3-c7ab228c9142,6c920a31-cf07-496f-aa4f-846a428f450a,90227e8b-9fe2-4f57-914d-b48685f84a81,motion detection,2017-10-12T12:10:24+01:00,https://multimedia.agouti.eu/assets/87d98bac-aff8-4baf-90d3-c7ab228c9142/file,20221209141127-IMG_0180.JPG,image/jpeg,,,,
03b08ea8-dcbc-4be4-bd9f-0d915383cd51,6c920a31-cf07-496f-aa4f-846a428f450a,90227e8b-9fe2-4f57-914d-b48685f84a81,motion detection,2017-10-12T12:10:26+01:00,https://multimedia.agouti.eu/assets/03b08ea8-dcbc-4be4-bd9f-0d915383cd51/file,20221209141127-IMG_0181.JPG,image/jpeg,,,,
b8e7d329-7f1c-4546-bf69-285c49031693,6c920a31-cf07-496f-aa4f-846a428f450a,90227e8b-9fe2-4f57-914d-b48685f84a81,motion detection,2017-10-12T12:10:27+01:00,https://multimedia.agouti.eu/assets/b8e7d329-7f1c-4546-bf69-285c49031693/file,20221209141127-IMG_0182.JPG,image/jpeg,,,,
40d7afd9-1b17-48a1-bb7e-82ca8a90925e,6c920a31-cf07-496f-aa4f-846a428f450a,90227e8b-9fe2-4f57-914d-b48685f84a81,motion detection,2017-10-12T12:10:28+01:00,https://multimedia.agouti.eu/assets/40d7afd9-1b17-48a1-bb7e-82ca8a90925e/file,20221209141127-IMG_0183.JPG,image/jpeg,,,,
a6bedcbd-33ca-49fa-b6da-125b406ef012,6c920a31-cf07-496f-aa4f-846a428f450a,90227e8b-9fe2-4f57-914d-b48685f84a81,motion detection,2017-10-12T12:10:29+01:00,https://multimedia.agouti.eu/assets/a6bedcbd-33ca-49fa-b6da-125b406ef012/file,20221209141127-IMG_0184.JPG,image/jpeg,,,,
0faca8d6-c284-4f72-a0c9-14c845ee90a8,6c920a31-cf07-496f-aa4f-846a428f450a,90227e8b-9fe2-4f57-914d-b48685f84a81,motion detection,2017-10-12T12:10:31+01:00,https://multimedia.agouti.eu/assets/0faca8d6-c284-4f72-a0c9-14c845ee90a8/file,20221209141127-IMG_0185.JPG,image/jpeg,,,,
0b7f1657-d6fa-40e8-8ed6-0fce5e550289,6c920a31-cf07-496f-aa4f-846a428f450a,90227e8b-9fe2-4f57-914d-b48685f84a81,motion detection,2017-10-12T12:10:32+01:00,https://multimedia.agouti.eu/assets/0b7f1657-d6fa-40e8-8ed6-0fce5e550289/file,20221209141127-IMG_0186.JPG,image/jpeg,,,,
e7d8adcb-0814-425c-83ed-a091179136fd,6c920a31-cf07-496f-aa4f-846a428f450a,90227e8b-9fe2-4f57-914d-b48685f84a81,motion detection,2017-10-12T12:10:33+01:00,https://multimedia.agouti.eu/assets/e7d8adcb-0814-425c-83ed-a091179136fd/file,20221209141127-IMG_0187.JPG,image/jpeg,,,,
e5b2b17a-d48a-4316-8cdc-d40fe16b56e7,6c920a31-cf07-496f-aa4f-846a428f450a,90227e8b-9fe2-4f57-914d-b48685f84a81,motion detection,2017-10-12T12:10:34+01:00,https://multimedia.agouti.eu/assets/e5b2b17a-d48a-4316-8cdc-d40fe16b56e7/file,20221209141127-IMG_0188.JPG,image/jpeg,,,,
49080695-4629-45fa-a02c-cb2dcddbd884,6c920a31-cf07-496f-aa4f-846a428f450a,90227e8b-9fe2-4f57-914d-b48685f84a81,motion detection,2017-10-12T12:10:35+01:00,https://multimedia.agouti.eu/assets/49080695-4629-45fa-a02c-cb2dcddbd884/file,20221209141127-IMG_0189.JPG,image/jpeg,,,,
4d0f500e-dad1-495f-bdec-1546b1727421,6c920a31-cf07-496f-aa4f-846a428f450a,90227e8b-9fe2-4f57-914d-b48685f84a81,motion detection,2017-10-12T12:10:36+01:00,https://multimedia.agouti.eu/assets/4d0f500e-dad1-495f-bdec-1546b1727421/file,20221209141127-IMG_0190.JPG,image/jpeg,,,,
4d3dbe43-5078-4f8d-aaf4-d643c6e7d822,6c920a31-cf07-496f-aa4f-846a428f450a,90227e8b-9fe2-4f57-914d-b48685f84a81,motion detection,2017-10-12T12:10:48+01:00,https://multimedia.agouti.eu/assets/4d3dbe43-5078-4f8d-aaf4-d643c6e7d822/file,20221209141127-IMG_0191.JPG,image/jpeg,,,,
bdf40d12-810a-4fbc-ae9a-6cf2e2aa3ca7,6c920a31-cf07-496f-aa4f-846a428f450a,90227e8b-9fe2-4f57-914d-b48685f84a81,motion detection,2017-10-12T12:10:50+01:00,https://multimedia.agouti.eu/assets/bdf40d12-810a-4fbc-ae9a-6cf2e2aa3ca7/file,20221209141127-IMG_0192.JPG,image/jpeg,,,,
0219ce9d-b538-4b30-9b43-8117e17758f9,6c920a31-cf07-496f-aa4f-846a428f450a,90227e8b-9fe2-4f57-914d-b48685f84a81,motion detection,2017-10-12T12:10:51+01:00,https://multimedia.agouti.eu/assets/0219ce9d-b538-4b30-9b43-8117e17758f9/file,20221209141127-IMG_0193.JPG,image/jpeg,,,,
fcfdd09f-e098-4f1d-ad24-97742e7f2654,6c920a31-cf07-496f-aa4f-846a428f450a,90227e8b-9fe2-4f57-914d-b48685f84a81,motion detection,2017-10-12T12:10:52+01:00,https://multimedia.agouti.eu/assets/fcfdd09f-e098-4f1d-ad24-97742e7f2654/file,20221209141127-IMG_0194.JPG,image/jpeg,,,,
26954329-6608-4490-9e12-4fe920ccf730,6c920a31-cf07-496f-aa4f-846a428f450a,90227e8b-9fe2-4f57-914d-b48685f84a81,motion detection,2017-10-12T12:10:53+01:00,https://multimedia.agouti.eu/assets/26954329-6608-4490-9e12-4fe920ccf730/file,20221209141127-IMG_0195.JPG,image/jpeg,,,,
38241305-0f42-4835-a96c-8a9bbc1edfcd,6c920a31-cf07-496f-aa4f-846a428f450a,90227e8b-9fe2-4f57-914d-b48685f84a81,motion detection,2017-10-12T12:10:55+01:00,https://multimedia.agouti.eu/assets/38241305-0f42-4835-a96c-8a9bbc1edfcd/file,20221209141127-IMG_0196.JPG,image/jpeg,,,,
b27c6cf7-bc1a-4922-b009-4f4d01656241,6c920a31-cf07-496f-aa4f-846a428f450a,90227e8b-9fe2-4f57-914d-b48685f84a81,motion detection,2017-10-12T12:12:08+01:00,https://multimedia.agouti.eu/assets/b27c6cf7-bc1a-4922-b009-4f4d01656241/file,20221209141128-IMG_0208.JPG,image/jpeg,,,,
14310590-b160-4703-be64-0a79e2fbeb60,6c920a31-cf07-496f-aa4f-846a428f450a,90227e8b-9fe2-4f57-914d-b48685f84a81,motion detection,2017-10-12T12:12:09+01:00,https://multimedia.agouti.eu/assets/14310590-b160-4703-be64-0a79e2fbeb60/file,20221209141128-IMG_0209.JPG,image/jpeg,,,,
e3efb5c5-dfd2-4d6f-b5b8-bae8466fddab,6c920a31-cf07-496f-aa4f-846a428f450a,90227e8b-9fe2-4f57-914d-b48685f84a81,motion detection,2017-10-12T12:12:10+01:00,https://multimedia.agouti.eu/assets/e3efb5c5-dfd2-4d6f-b5b8-bae8466fddab/file,20221209141128-IMG_0210.JPG,image/jpeg,,,,
1c605f24-dc1a-4013-9440-08f563853579,6c920a31-cf07-496f-aa4f-846a428f450a,1f96b0ce-6d21-44e9-a880-90b388180052,motion detection,2017-10-19T06:23:11+01:00,https://multimedia.agouti.eu/assets/1c605f24-dc1a-4013-9440-08f563853579/file,20221209141128-IMG_0251.JPG,image/jpeg,,,,
2c6bb60e-7c24-473a-8020-f7d74a154fee,6c920a31-cf07-496f-aa4f-846a428f450a,1f96b0ce-6d21-44e9-a880-90b388180052,motion detection,2017-10-19T06:23:12+01:00,https://multimedia.agouti.eu/assets/2c6bb60e-7c24-473a-8020-f7d74a154fee/file,20221209141128-IMG_0252.JPG,image/jpeg,,,,
57e4d837-1acf-478c-b8e0-ad4d5e1cc36f,c95a566f-e75e-4e7b-a905-0479c8770da3,9d23d5e7-25f8-479b-8d9c-7a32d14bc070,motion detection,2017-10-24T06:10:55+01:00,https://multimedia.agouti.eu/assets/57e4d837-1acf-478c-b8e0-ad4d5e1cc36f/file,20221209140402-IMG_0141.JPG,image/jpeg,,,,
7b098cae-8e39-4e38-a1d5-e090395bf1b5,c95a566f-e75e-4e7b-a905-0479c8770da3,9d23d5e7-25f8-479b-8d9c-7a32d14bc070,motion detection,2017-10-24T06:10:57+01:00,https://multimedia.agouti.eu/assets/7b098cae-8e39-4e38-a1d5-e090395bf1b5/file,20221209140402-IMG_0142.JPG,image/jpeg,,,,
4c2ffe20-8270-4da3-9a71-4efc78bdf091,c95a566f-e75e-4e7b-a905-0479c8770da3,9d23d5e7-25f8-479b-8d9c-7a32d14bc070,motion detection,2017-10-24T06:10:57+01:00,https://multimedia.agouti.eu/assets/4c2ffe20-8270-4da3-9a71-4efc78bdf091/file,20221209140402-IMG_0143.JPG,image/jpeg,,,,
b3a3b53b-d614-44e9-8078-5283aabe2ccf,c95a566f-e75e-4e7b-a905-0479c8770da3,9d23d5e7-25f8-479b-8d9c-7a32d14bc070,motion detection,2017-10-24T06:10:58+01:00,https://multimedia.agouti.eu/assets/b3a3b53b-d614-44e9-8078-5283aabe2ccf/file,20221209140402-IMG_0144.JPG,image/jpeg,,,,
ebbeca12-012a-4734-8712-7997a23a3398,c95a566f-e75e-4e7b-a905-0479c8770da3,9d23d5e7-25f8-479b-8d9c-7a32d14bc070,motion detection,2017-10-24T06:10:59+01:00,https://multimedia.agouti.eu/assets/ebbeca12-012a-4734-8712-7997a23a3398/file,20221209140402-IMG_0145.JPG,image/jpeg,,,,
7e9c6bae-157a-4e74-85fa-3fbaba0576dc,c95a566f-e75e-4e7b-a905-0479c8770da3,9d23d5e7-25f8-479b-8d9c-7a32d14bc070,motion detection,2017-10-24T06:10:59+01:00,https://multimedia.agouti.eu/assets/7e9c6bae-157a-4e74-85fa-3fbaba0576dc/file,20221209140402-IMG_0146.JPG,image/jpeg,,,,
3dde1eee-de92-42fa-8008-baae86a2e7e7,c95a566f-e75e-4e7b-a905-0479c8770da3,9d23d5e7-25f8-479b-8d9c-7a32d14bc070,motion detection,2017-10-24T06:11:00+01:00,https://multimedia.agouti.eu/assets/3dde1eee-de92-42fa-8008-baae86a2e7e7/file,20221209140402-IMG_0147.JPG,image/jpeg,,,,
80e7c9f3-7293-4d58-91b3-94dc9b9534a3,c95a566f-e75e-4e7b-a905-0479c8770da3,9d23d5e7-25f8-479b-8d9c-7a32d14bc070,motion detection,2017-10-24T06:11:00+01:00,https://multimedia.agouti.eu/assets/80e7c9f3-7293-4d58-91b3-94dc9b9534a3/file,20221209140402-IMG_0148.JPG,image/jpeg,,,,
4488a2cf-519b-4b83-a1f6-185bdb40c8e5,c95a566f-e75e-4e7b-a905-0479c8770da3,9d23d5e7-25f8-479b-8d9c-7a32d14bc070,motion detection,2017-10-24T06:11:03+01:00,https://multimedia.agouti.eu/assets/4488a2cf-519b-4b83-a1f6-185bdb40c8e5/file,20221209140402-IMG_0149.JPG,image/jpeg,,,,
71761d1f-5be8-469f-b4c9-02fb29674d16,c95a566f-e75e-4e7b-a905-0479c8770da3,9d23d5e7-25f8-479b-8d9c-7a32d14bc070,motion detection,2017-10-24T06:11:04+01:00,https://multimedia.agouti.eu/assets/71761d1f-5be8-469f-b4c9-02fb29674d16/file,20221209140403-IMG_0150.JPG,image/jpeg,,,,
8810d82a-358d-4e5f-8bb5-6b0c16633cae,c95a566f-e75e-4e7b-a905-0479c8770da3,9d23d5e7-25f8-479b-8d9c-7a32d14bc070,motion detection,2017-10-24T06:11:06+01:00,https://multimedia.agouti.eu/assets/8810d82a-358d-4e5f-8bb5-6b0c16633cae/file,20221209140403-IMG_0151.JPG,image/jpeg,,,,
84de9c4b-4c3d-448f-973c-882fa8a96af9,c95a566f-e75e-4e7b-a905-0479c8770da3,9d23d5e7-25f8-479b-8d9c-7a32d14bc070,motion detection,2017-10-24T06:11:07+01:00,https://multimedia.agouti.eu/assets/84de9c4b-4c3d-448f-973c-882fa8a96af9/file,20221209140403-IMG_0152.JPG,image/jpeg,,,,
100d50e4-9abc-4eb9-8ccc-ed6e6df1b3cb,c95a566f-e75e-4e7b-a905-0479c8770da3,9d23d5e7-25f8-479b-8d9c-7a32d14bc070,motion detection,2017-10-24T06:11:08+01:00,https://multimedia.agouti.eu/assets/100d50e4-9abc-4eb9-8ccc-ed6e6df1b3cb/file,20221209140403-IMG_0153.JPG,image/jpeg,,,,
7180e001-3375-49ae-b757-8e737bc22a2a,c95a566f-e75e-4e7b-a905-0479c8770da3,9d23d5e7-25f8-479b-8d9c-7a32d14bc070,motion detection,2017-10-24T06:11:08+01:00,https://multimedia.agouti.eu/assets/7180e001-3375-49ae-b757-8e737bc22a2a/file,20221209140403-IMG_0154.JPG,image/jpeg,,,,
9e30d066-42d2-45af-a95b-2b10c9bb1cc3,c95a566f-e75e-4e7b-a905-0479c8770da3,9d23d5e7-25f8-479b-8d9c-7a32d14bc070,motion detection,2017-10-24T06:11:09+01:00,https://multimedia.agouti.eu/assets/9e30d066-42d2-45af-a95b-2b10c9bb1cc3/file,20221209140403-IMG_0155.JPG,image/jpeg,,,,
f429bb07-f9c3-4c11-9013-a8c02cb2ef61,c95a566f-e75e-4e7b-a905-0479c8770da3,9d23d5e7-25f8-479b-8d9c-7a32d14bc070,motion detection,2017-10-24T06:11:10+01:00,https://multimedia.agouti.eu/assets/f429bb07-f9c3-4c11-9013-a8c02cb2ef61/file,20221209140403-IMG_0156.JPG,image/jpeg,,,,
17a92681-2790-45f8-be8a-020596ffc757,c95a566f-e75e-4e7b-a905-0479c8770da3,9d23d5e7-25f8-479b-8d9c-7a32d14bc070,motion detection,2017-10-24T06:11:10+01:00,https://multimedia.agouti.eu/assets/17a92681-2790-45f8-be8a-020596ffc757/file,20221209140403-IMG_0157.JPG,image/jpeg,,,,
6de0af58-b511-4227-b651-6c1d73ee6174,c95a566f-e75e-4e7b-a905-0479c8770da3,9d23d5e7-25f8-479b-8d9c-7a32d14bc070,motion detection,2017-10-24T06:11:11+01:00,https://multimedia.agouti.eu/assets/6de0af58-b511-4227-b651-6c1d73ee6174/file,20221209140403-IMG_0158.JPG,image/jpeg,,,,
f9b1ca42-48f6-4580-b7b3-29c072c99564,c95a566f-e75e-4e7b-a905-0479c8770da3,9d23d5e7-25f8-479b-8d9c-7a32d14bc070,motion detection,2017-10-24T06:11:12+01:00,https://multimedia.agouti.eu/assets/f9b1ca42-48f6-4580-b7b3-29c072c99564/file,20221209140403-IMG_0159.JPG,image/jpeg,,,,
bbfa1425-dde3-43a9-b71e-00038b0d21ff,c95a566f-e75e-4e7b-a905-0479c8770da3,9d23d5e7-25f8-479b-8d9c-7a32d14bc070,motion detection,2017-10-24T06:11:12+01:00,https://multimedia.agouti.eu/assets/bbfa1425-dde3-43a9-b71e-00038b0d21ff/file,20221209140403-IMG_0160.JPG,image/jpeg,,,,
a565d7be-17db-41e2-b19b-40eba8666817,c95a566f-e75e-4e7b-a905-0479c8770da3,9d23d5e7-25f8-479b-8d9c-7a32d14bc070,motion detection,2017-10-24T06:11:13+01:00,https://multimedia.agouti.eu/assets/a565d7be-17db-41e2-b19b-40eba8666817/file,20221209140403-IMG_0161.JPG,image/jpeg,,,,
52f54ac4-f59f-46ba-b282-3e615716d388,c95a566f-e75e-4e7b-a905-0479c8770da3,9d23d5e7-25f8-479b-8d9c-7a32d14bc070,motion detection,2017-10-24T06:11:14+01:00,https://multimedia.agouti.eu/assets/52f54ac4-f59f-46ba-b282-3e615716d388/file,20221209140403-IMG_0162.JPG,image/jpeg,,,,
637aab0d-e259-4b8e-aa47-c4650ecdfa5b,c95a566f-e75e-4e7b-a905-0479c8770da3,9d23d5e7-25f8-479b-8d9c-7a32d14bc070,motion detection,2017-10-24T06:11:16+01:00,https://multimedia.agouti.eu/assets/637aab0d-e259-4b8e-aa47-c4650ecdfa5b/file,20221209140403-IMG_0163.JPG,image/jpeg,,,,
72425f0f-2eb1-4c97-bb1e-f280ae3d6129,c95a566f-e75e-4e7b-a905-0479c8770da3,9d23d5e7-25f8-479b-8d9c-7a32d14bc070,motion detection,2017-10-24T06:11:16+01:00,https://multimedia.agouti.eu/assets/72425f0f-2eb1-4c97-bb1e-f280ae3d6129/file,20221209140403-IMG_0164.JPG,image/jpeg,,,,
9264922b-56a8-4b12-a463-0310678bf48e,c95a566f-e75e-4e7b-a905-0479c8770da3,9d23d5e7-25f8-479b-8d9c-7a32d14bc070,motion detection,2017-10-24T06:11:17+01:00,https://multimedia.agouti.eu/assets/9264922b-56a8-4b12-a463-0310678bf48e/file,20221209140403-IMG_0165.JPG,image/jpeg,,,,
a3e2559a-63f3-4591-891b-931efdb96a0d,c95a566f-e75e-4e7b-a905-0479c8770da3,9d23d5e7-25f8-479b-8d9c-7a32d14bc070,motion detection,2017-10-24T06:11:17+01:00,https://multimedia.agouti.eu/assets/a3e2559a-63f3-4591-891b-931efdb96a0d/file,20221209140403-IMG_0166.JPG,image/jpeg,,,,
0a845d5d-6892-403b-92af-54bd2139e3db,c95a566f-e75e-4e7b-a905-0479c8770da3,9d23d5e7-25f8-479b-8d9c-7a32d14bc070,motion detection,2017-10-24T06:11:18+01:00,https://multimedia.agouti.eu/assets/0a845d5d-6892-403b-92af-54bd2139e3db/file,20221209140405-IMG_0167.JPG,image/jpeg,,,,
565c6d12-6b55-4d75-a3bd-f2a402922722,c95a566f-e75e-4e7b-a905-0479c8770da3,9d23d5e7-25f8-479b-8d9c-7a32d14bc070,motion detection,2017-10-24T06:11:19+01:00,https://multimedia.agouti.eu/assets/565c6d12-6b55-4d75-a3bd-f2a402922722/file,20221209140404-IMG_0168.JPG,image/jpeg,,,,
7641f83a-2de6-4278-98f4-cb3e3c350c99,c95a566f-e75e-4e7b-a905-0479c8770da3,9d23d5e7-25f8-479b-8d9c-7a32d14bc070,motion detection,2017-10-24T06:11:19+01:00,https://multimedia.agouti.eu/assets/7641f83a-2de6-4278-98f4-cb3e3c350c99/file,20221209140404-IMG_0169.JPG,image/jpeg,,,,
aa752469-110e-46a7-aba5-507591586d5c,c95a566f-e75e-4e7b-a905-0479c8770da3,9d23d5e7-25f8-479b-8d9c-7a32d14bc070,motion detection,2017-10-24T06:11:20+01:00,https://multimedia.agouti.eu/assets/aa752469-110e-46a7-aba5-507591586d5c/file,20221209140404-IMG_0170.JPG,image/jpeg,,,,
1aaa5a4b-9d56-4bd4-b7f7-02e95286ea00,c95a566f-e75e-4e7b-a905-0479c8770da3,9d23d5e7-25f8-479b-8d9c-7a32d14bc070,motion detection,2017-10-24T06:11:23+01:00,https://multimedia.agouti.eu/assets/1aaa5a4b-9d56-4bd4-b7f7-02e95286ea00/file,20221209140404-IMG_0171.JPG,image/jpeg,,,,
35fa05c8-752c-44b5-8bdf-ecfef5b9e5ad,c95a566f-e75e-4e7b-a905-0479c8770da3,9d23d5e7-25f8-479b-8d9c-7a32d14bc070,motion detection,2017-10-24T06:11:24+01:00,https://multimedia.agouti.eu/assets/35fa05c8-752c-44b5-8bdf-ecfef5b9e5ad/file,20221209140404-IMG_0172.JPG,image/jpeg,,,,
d49432c0-749a-463a-8f0f-e5c890cc4219,c95a566f-e75e-4e7b-a905-0479c8770da3,9d23d5e7-25f8-479b-8d9c-7a32d14bc070,motion detection,2017-10-24T06:11:25+01:00,https://multimedia.agouti.eu/assets/d49432c0-749a-463a-8f0f-e5c890cc4219/file,20221209140404-IMG_0173.JPG,image/jpeg,,,,
94dda1f0-517b-406f-8597-6b639c8faf3b,c95a566f-e75e-4e7b-a905-0479c8770da3,9d23d5e7-25f8-479b-8d9c-7a32d14bc070,motion detection,2017-10-24T06:11:26+01:00,https://multimedia.agouti.eu/assets/94dda1f0-517b-406f-8597-6b639c8faf3b/file,20221209140404-IMG_0174.JPG,image/jpeg,,,,
09c2ea8a-4d51-4f9b-9e4e-f24cb357745c,c95a566f-e75e-4e7b-a905-0479c8770da3,9d23d5e7-25f8-479b-8d9c-7a32d14bc070,motion detection,2017-10-24T06:11:27+01:00,https://multimedia.agouti.eu/assets/09c2ea8a-4d51-4f9b-9e4e-f24cb357745c/file,20221209140404-IMG_0175.JPG,image/jpeg,,,,
66c729e5-3ff5-4bbc-98c8-d38745a9f8f8,c95a566f-e75e-4e7b-a905-0479c8770da3,9d23d5e7-25f8-479b-8d9c-7a32d14bc070,motion detection,2017-10-24T06:11:28+01:00,https://multimedia.agouti.eu/assets/66c729e5-3ff5-4bbc-98c8-d38745a9f8f8/file,20221209140404-IMG_0176.JPG,image/jpeg,,,,
d4ef75c7-f9e4-4ed9-b85a-edb6be149bf2,c95a566f-e75e-4e7b-a905-0479c8770da3,9d23d5e7-25f8-479b-8d9c-7a32d14bc070,motion detection,2017-10-24T06:11:28+01:00,https://multimedia.agouti.eu/assets/d4ef75c7-f9e4-4ed9-b85a-edb6be149bf2/file,20221209140404-IMG_0177.JPG,image/jpeg,,,,
d7c238e5-2b1e-4f6c-aa76-24689596cd5f,c95a566f-e75e-4e7b-a905-0479c8770da3,9d23d5e7-25f8-479b-8d9c-7a32d14bc070,motion detection,2017-10-24T06:11:30+01:00,https://multimedia.agouti.eu/assets/d7c238e5-2b1e-4f6c-aa76-24689596cd5f/file,20221209140404-IMG_0178.JPG,image/jpeg,,,,
8c2a1dff-c727-4684-beec-fde661fd6134,c95a566f-e75e-4e7b-a905-0479c8770da3,9d23d5e7-25f8-479b-8d9c-7a32d14bc070,motion detection,2017-10-24T06:11:30+01:00,https://multimedia.agouti.eu/assets/8c2a1dff-c727-4684-beec-fde661fd6134/file,20221209140404-IMG_0179.JPG,image/jpeg,,,,
d5767ffa-1b83-4dcc-a46e-d642969fefae,c95a566f-e75e-4e7b-a905-0479c8770da3,9d23d5e7-25f8-479b-8d9c-7a32d14bc070,motion detection,2017-10-24T06:11:31+01:00,https://multimedia.agouti.eu/assets/d5767ffa-1b83-4dcc-a46e-d642969fefae/file,20221209140405-IMG_0180.JPG,image/jpeg,,,,
b1f121f0-b1a4-475a-a2e9-79149a6fd858,c95a566f-e75e-4e7b-a905-0479c8770da3,9d23d5e7-25f8-479b-8d9c-7a32d14bc070,motion detection,2017-10-24T06:11:32+01:00,https://multimedia.agouti.eu/assets/b1f121f0-b1a4-475a-a2e9-79149a6fd858/file,20221209140406-IMG_0181.JPG,image/jpeg,,,,
5d44a116-a6ac-44c1-8b05-c17a24880808,c95a566f-e75e-4e7b-a905-0479c8770da3,9d23d5e7-25f8-479b-8d9c-7a32d14bc070,motion detection,2017-10-24T06:11:33+01:00,https://multimedia.agouti.eu/assets/5d44a116-a6ac-44c1-8b05-c17a24880808/file,20221209140405-IMG_0182.JPG,image/jpeg,,,,
4ab1dd8a-ca02-4a50-9e69-ca1480048518,c95a566f-e75e-4e7b-a905-0479c8770da3,9d23d5e7-25f8-479b-8d9c-7a32d14bc070,motion detection,2017-10-24T06:11:33+01:00,https://multimedia.agouti.eu/assets/4ab1dd8a-ca02-4a50-9e69-ca1480048518/file,20221209140405-IMG_0183.JPG,image/jpeg,,,,
bac770d1-781d-46f0-8003-4819d21f2fd0,c95a566f-e75e-4e7b-a905-0479c8770da3,9d23d5e7-25f8-479b-8d9c-7a32d14bc070,motion detection,2017-10-24T06:11:34+01:00,https://multimedia.agouti.eu/assets/bac770d1-781d-46f0-8003-4819d21f2fd0/file,20221209140405-IMG_0184.JPG,image/jpeg,,,,
e97c27bd-fb13-4ca9-92bf-9a78ef7a2ff3,c95a566f-e75e-4e7b-a905-0479c8770da3,9d23d5e7-25f8-479b-8d9c-7a32d14bc070,motion detection,2017-10-24T06:11:35+01:00,https://multimedia.agouti.eu/assets/e97c27bd-fb13-4ca9-92bf-9a78ef7a2ff3/file,20221209140405-IMG_0185.JPG,image/jpeg,,,,
3a1bc32b-de3c-4e28-83ad-d61cbe815399,c95a566f-e75e-4e7b-a905-0479c8770da3,9d23d5e7-25f8-479b-8d9c-7a32d14bc070,motion detection,2017-10-24T06:11:35+01:00,https://multimedia.agouti.eu/assets/3a1bc32b-de3c-4e28-83ad-d61cbe815399/file,20221209140405-IMG_0186.JPG,image/jpeg,,,,
a8cbd629-e0ff-4943-962e-566ec98c02b6,c95a566f-e75e-4e7b-a905-0479c8770da3,9d23d5e7-25f8-479b-8d9c-7a32d14bc070,motion detection,2017-10-24T06:11:36+01:00,https://multimedia.agouti.eu/assets/a8cbd629-e0ff-4943-962e-566ec98c02b6/file,20221209140405-IMG_0187.JPG,image/jpeg,,,,
3590698a-9e1a-4d10-a64c-c233cf48da9d,c95a566f-e75e-4e7b-a905-0479c8770da3,9d23d5e7-25f8-479b-8d9c-7a32d14bc070,motion detection,2017-10-24T06:11:36+01:00,https://multimedia.agouti.eu/assets/3590698a-9e1a-4d10-a64c-c233cf48da9d/file,20221209140405-IMG_0188.JPG,image/jpeg,,,,
5ccc9478-d79e-48bb-84a6-eb47714fb50e,c95a566f-e75e-4e7b-a905-0479c8770da3,9d23d5e7-25f8-479b-8d9c-7a32d14bc070,motion detection,2017-10-24T06:11:37+01:00,https://multimedia.agouti.eu/assets/5ccc9478-d79e-48bb-84a6-eb47714fb50e/file,20221209140405-IMG_0189.JPG,image/jpeg,,,,
9e33cf45-b413-4a93-891a-7cc355ea6666,c95a566f-e75e-4e7b-a905-0479c8770da3,9d23d5e7-25f8-479b-8d9c-7a32d14bc070,motion detection,2017-10-24T06:11:38+01:00,https://multimedia.agouti.eu/assets/9e33cf45-b413-4a93-891a-7cc355ea6666/file,20221209140405-IMG_0190.JPG,image/jpeg,,,,
112e3d66-03dc-48cf-ae06-d9f045370b30,c95a566f-e75e-4e7b-a905-0479c8770da3,9d23d5e7-25f8-479b-8d9c-7a32d14bc070,motion detection,2017-10-24T06:11:39+01:00,https://multimedia.agouti.eu/assets/112e3d66-03dc-48cf-ae06-d9f045370b30/file,20221209140406-IMG_0191.JPG,image/jpeg,,,,
44a74fb6-ae81-42d0-baf7-aed205df588c,c95a566f-e75e-4e7b-a905-0479c8770da3,9d23d5e7-25f8-479b-8d9c-7a32d14bc070,motion detection,2017-10-24T06:11:39+01:00,https://multimedia.agouti.eu/assets/44a74fb6-ae81-42d0-baf7-aed205df588c/file,20221209140406-IMG_0192.JPG,image/jpeg,,,,
851b27ab-5613-44ae-bcd2-ea853269387e,c95a566f-e75e-4e7b-a905-0479c8770da3,9d23d5e7-25f8-479b-8d9c-7a32d14bc070,motion detection,2017-10-24T06:11:40+01:00,https://multimedia.agouti.eu/assets/851b27ab-5613-44ae-bcd2-ea853269387e/file,20221209140406-IMG_0193.JPG,image/jpeg,,,,
fccab738-c65a-4583-8c2e-4144db2ca7c9,c95a566f-e75e-4e7b-a905-0479c8770da3,9d23d5e7-25f8-479b-8d9c-7a32d14bc070,motion detection,2017-10-24T06:11:41+01:00,https://multimedia.agouti.eu/assets/fccab738-c65a-4583-8c2e-4144db2ca7c9/file,20221209140406-IMG_0194.JPG,image/jpeg,,,,
555b384a-3053-4f76-8076-a78a361c2110,c95a566f-e75e-4e7b-a905-0479c8770da3,9d23d5e7-25f8-479b-8d9c-7a32d14bc070,motion detection,2017-10-24T06:11:41+01:00,https://multimedia.agouti.eu/assets/555b384a-3053-4f76-8076-a78a361c2110/file,20221209140406-IMG_0195.JPG,image/jpeg,,,,
1a9cabf2-92c3-41d6-8048-a31a824b083b,c95a566f-e75e-4e7b-a905-0479c8770da3,9d23d5e7-25f8-479b-8d9c-7a32d14bc070,motion detection,2017-10-24T06:11:42+01:00,https://multimedia.agouti.eu/assets/1a9cabf2-92c3-41d6-8048-a31a824b083b/file,20221209140406-IMG_0196.JPG,image/jpeg,,,,
9cab479d-c7a0-444e-9bc1-5cebe1c4c804,c95a566f-e75e-4e7b-a905-0479c8770da3,9d23d5e7-25f8-479b-8d9c-7a32d14bc070,motion detection,2017-10-24T06:11:43+01:00,https://multimedia.agouti.eu/assets/9cab479d-c7a0-444e-9bc1-5cebe1c4c804/file,20221209140406-IMG_0197.JPG,image/jpeg,,,,
a1f9d32c-5946-4a64-916a-652d4fcfab7a,c95a566f-e75e-4e7b-a905-0479c8770da3,9d23d5e7-25f8-479b-8d9c-7a32d14bc070,motion detection,2017-10-24T06:11:43+01:00,https://multimedia.agouti.eu/assets/a1f9d32c-5946-4a64-916a-652d4fcfab7a/file,20221209140406-IMG_0198.JPG,image/jpeg,,,,
e5dbf2dc-9863-4bf8-852c-0912828bd871,c95a566f-e75e-4e7b-a905-0479c8770da3,9d23d5e7-25f8-479b-8d9c-7a32d14bc070,motion detection,2017-10-24T06:11:44+01:00,https://multimedia.agouti.eu/assets/e5dbf2dc-9863-4bf8-852c-0912828bd871/file,20221209140406-IMG_0199.JPG,image/jpeg,,,,
f939fca0-b12d-42cf-bde3-dea937c02a2b,c95a566f-e75e-4e7b-a905-0479c8770da3,9d23d5e7-25f8-479b-8d9c-7a32d14bc070,motion detection,2017-10-24T06:11:44+01:00,https://multimedia.agouti.eu/assets/f939fca0-b12d-42cf-bde3-dea937c02a2b/file,20221209140406-IMG_0200.JPG,image/jpeg,,,,
47cb9876-018b-4b5f-bd86-339bf98e4c74,c95a566f-e75e-4e7b-a905-0479c8770da3,9d23d5e7-25f8-479b-8d9c-7a32d14bc070,motion detection,2017-10-24T06:11:47+01:00,https://multimedia.agouti.eu/assets/47cb9876-018b-4b5f-bd86-339bf98e4c74/file,20221209140406-IMG_0201.JPG,image/jpeg,,,,
c3fb0061-319c-4b52-a33c-524e1e3cadb5,c95a566f-e75e-4e7b-a905-0479c8770da3,9d23d5e7-25f8-479b-8d9c-7a32d14bc070,motion detection,2017-10-24T06:11:47+01:00,https://multimedia.agouti.eu/assets/c3fb0061-319c-4b52-a33c-524e1e3cadb5/file,20221209140406-IMG_0202.JPG,image/jpeg,,,,
1d4c73d7-76ff-435f-a44f-c484e5d71997,c95a566f-e75e-4e7b-a905-0479c8770da3,9d23d5e7-25f8-479b-8d9c-7a32d14bc070,motion detection,2017-10-24T06:11:50+01:00,https://multimedia.agouti.eu/assets/1d4c73d7-76ff-435f-a44f-c484e5d71997/file,20221209140406-IMG_0203.JPG,image/jpeg,,,,
ee6d63ed-5cd9-470f-853b-283269fe5fe9,c95a566f-e75e-4e7b-a905-0479c8770da3,9d23d5e7-25f8-479b-8d9c-7a32d14bc070,motion detection,2017-10-24T06:11:50+01:00,https://multimedia.agouti.eu/assets/ee6d63ed-5cd9-470f-853b-283269fe5fe9/file,20221209140406-IMG_0204.JPG,image/jpeg,,,,
8c49127c-fda6-45b1-b1d4-ee91848ec935,c95a566f-e75e-4e7b-a905-0479c8770da3,9d23d5e7-25f8-479b-8d9c-7a32d14bc070,motion detection,2017-10-24T06:11:51+01:00,https://multimedia.agouti.eu/assets/8c49127c-fda6-45b1-b1d4-ee91848ec935/file,20221209140407-IMG_0205.JPG,image/jpeg,,,,
ef82d2d0-b35e-41ec-8ba5-9386e98f5820,c95a566f-e75e-4e7b-a905-0479c8770da3,9d23d5e7-25f8-479b-8d9c-7a32d14bc070,motion detection,2017-10-24T06:11:52+01:00,https://multimedia.agouti.eu/assets/ef82d2d0-b35e-41ec-8ba5-9386e98f5820/file,20221209140406-IMG_0207.JPG,image/jpeg,,,,
9d4dfbbd-9291-456d-a352-3e4b5f230e0d,c95a566f-e75e-4e7b-a905-0479c8770da3,9d23d5e7-25f8-479b-8d9c-7a32d14bc070,motion detection,2017-10-24T06:11:52+01:00,https://multimedia.agouti.eu/assets/9d4dfbbd-9291-456d-a352-3e4b5f230e0d/file,20221209140407-IMG_0206.JPG,image/jpeg,,,,
e6f18715-80f4-49bc-bdb8-6a81a7b682ca,c95a566f-e75e-4e7b-a905-0479c8770da3,9d23d5e7-25f8-479b-8d9c-7a32d14bc070,motion detection,2017-10-24T06:11:53+01:00,https://multimedia.agouti.eu/assets/e6f18715-80f4-49bc-bdb8-6a81a7b682ca/file,20221209140406-IMG_0208.JPG,image/jpeg,,,,
d9b4dbde-52c9-4997-9b62-6814f9e40df3,c95a566f-e75e-4e7b-a905-0479c8770da3,9d23d5e7-25f8-479b-8d9c-7a32d14bc070,motion detection,2017-10-24T06:11:53+01:00,https://multimedia.agouti.eu/assets/d9b4dbde-52c9-4997-9b62-6814f9e40df3/file,20221209140407-IMG_0209.JPG,image/jpeg,,,,
2bf9e07e-7a11-4976-b78d-0dd1d464e56f,c95a566f-e75e-4e7b-a905-0479c8770da3,9d23d5e7-25f8-479b-8d9c-7a32d14bc070,motion detection,2017-10-24T06:11:54+01:00,https://multimedia.agouti.eu/assets/2bf9e07e-7a11-4976-b78d-0dd1d464e56f/file,20221209140407-IMG_0210.JPG,image/jpeg,,,,
02f21a96-f8d7-4231-848b-b07dfa78b5b5,c95a566f-e75e-4e7b-a905-0479c8770da3,9d23d5e7-25f8-479b-8d9c-7a32d14bc070,motion detection,2017-10-24T06:11:58+01:00,https://multimedia.agouti.eu/assets/02f21a96-f8d7-4231-848b-b07dfa78b5b5/file,20221209140407-IMG_0211.JPG,image/jpeg,,,,
88795344-8acf-4b21-bb8d-60a946dee21c,c95a566f-e75e-4e7b-a905-0479c8770da3,9d23d5e7-25f8-479b-8d9c-7a32d14bc070,motion detection,2017-10-24T06:11:58+01:00,https://multimedia.agouti.eu/assets/88795344-8acf-4b21-bb8d-60a946dee21c/file,20221209140407-IMG_0212.JPG,image/jpeg,,,,
0280d8ac-8e93-48ed-b28f-f880834e8bdb,c95a566f-e75e-4e7b-a905-0479c8770da3,9d23d5e7-25f8-479b-8d9c-7a32d14bc070,motion detection,2017-10-24T06:11:59+01:00,https://multimedia.agouti.eu/assets/0280d8ac-8e93-48ed-b28f-f880834e8bdb/file,20221209140407-IMG_0213.JPG,image/jpeg,,,,
733f3772-0ba2-498a-9284-57a4d1a24e0f,c95a566f-e75e-4e7b-a905-0479c8770da3,9d23d5e7-25f8-479b-8d9c-7a32d14bc070,motion detection,2017-10-24T06:12:00+01:00,https://multimedia.agouti.eu/assets/733f3772-0ba2-498a-9284-57a4d1a24e0f/file,20221209140407-IMG_0214.JPG,image/jpeg,,,,
44217688-80d0-4247-98f2-594a0ac1e32b,c95a566f-e75e-4e7b-a905-0479c8770da3,9d23d5e7-25f8-479b-8d9c-7a32d14bc070,motion detection,2017-10-24T06:12:00+01:00,https://multimedia.agouti.eu/assets/44217688-80d0-4247-98f2-594a0ac1e32b/file,20221209140407-IMG_0215.JPG,image/jpeg,,,,
ac44da1f-e4ff-4088-a9f6-25718cc416a8,c95a566f-e75e-4e7b-a905-0479c8770da3,9d23d5e7-25f8-479b-8d9c-7a32d14bc070,motion detection,2017-10-24T06:12:01+01:00,https://multimedia.agouti.eu/assets/ac44da1f-e4ff-4088-a9f6-25718cc416a8/file,20221209140407-IMG_0216.JPG,image/jpeg,,,,
e5c30f21-c586-4e20-8a92-48fecfd47165,c95a566f-e75e-4e7b-a905-0479c8770da3,9d23d5e7-25f8-479b-8d9c-7a32d14bc070,motion detection,2017-10-24T06:12:02+01:00,https://multimedia.agouti.eu/assets/e5c30f21-c586-4e20-8a92-48fecfd47165/file,20221209140407-IMG_0217.JPG,image/jpeg,,,,
45750909-afb2-4282-b0f7-d0a562c388fe,c95a566f-e75e-4e7b-a905-0479c8770da3,9d23d5e7-25f8-479b-8d9c-7a32d14bc070,motion detection,2017-10-24T06:12:02+01:00,https://multimedia.agouti.eu/assets/45750909-afb2-4282-b0f7-d0a562c388fe/file,20221209140407-IMG_0218.JPG,image/jpeg,,,,
7ed8a52f-d560-46e3-bf17-3b8d0c3509da,c95a566f-e75e-4e7b-a905-0479c8770da3,9d23d5e7-25f8-479b-8d9c-7a32d14bc070,motion detection,2017-10-24T06:12:03+01:00,https://multimedia.agouti.eu/assets/7ed8a52f-d560-46e3-bf17-3b8d0c3509da/file,20221209140408-IMG_0219.JPG,image/jpeg,,,,
8ff3930b-1d53-4cf5-a1a2-7ffc5d3617ff,c95a566f-e75e-4e7b-a905-0479c8770da3,9d23d5e7-25f8-479b-8d9c-7a32d14bc070,motion detection,2017-10-24T06:12:03+01:00,https://multimedia.agouti.eu/assets/8ff3930b-1d53-4cf5-a1a2-7ffc5d3617ff/file,20221209140408-IMG_0220.JPG,image/jpeg,,,,
153faf52-0daf-43de-96b7-453074c0a892,c95a566f-e75e-4e7b-a905-0479c8770da3,7b8b14e8-9fae-4ccb-9eab-c59676664564,motion detection,2017-10-26T20:11:30+01:00,https://multimedia.agouti.eu/assets/153faf52-0daf-43de-96b7-453074c0a892/file,20221209140408-IMG_0391.JPG,image/jpeg,,,,
9fae69a1-cfc5-4017-9489-f7f42da809e3,c95a566f-e75e-4e7b-a905-0479c8770da3,7b8b14e8-9fae-4ccb-9eab-c59676664564,motion detection,2017-10-26T20:11:31+01:00,https://multimedia.agouti.eu/assets/9fae69a1-cfc5-4017-9489-f7f42da809e3/file,20221209140408-IMG_0392.JPG,image/jpeg,,,,
580aca4b-6bde-41bd-9325-e9367ccf6566,c95a566f-e75e-4e7b-a905-0479c8770da3,7b8b14e8-9fae-4ccb-9eab-c59676664564,motion detection,2017-10-26T20:11:32+01:00,https://multimedia.agouti.eu/assets/580aca4b-6bde-41bd-9325-e9367ccf6566/file,20221209140408-IMG_0393.JPG,image/jpeg,,,,
323cc14e-44d9-40e6-9a48-f01d0293c1b4,c95a566f-e75e-4e7b-a905-0479c8770da3,a45542b5-d041-488c-aed5-8597911be0ab,motion detection,2017-10-28T19:17:38+01:00,https://multimedia.agouti.eu/assets/323cc14e-44d9-40e6-9a48-f01d0293c1b4/file,20221209140408-IMG_0441.JPG,image/jpeg,,,,
677b2c80-0c1e-46a9-afe2-1d6a483fe434,c95a566f-e75e-4e7b-a905-0479c8770da3,a45542b5-d041-488c-aed5-8597911be0ab,motion detection,2017-10-28T19:17:38+01:00,https://multimedia.agouti.eu/assets/677b2c80-0c1e-46a9-afe2-1d6a483fe434/file,20221209140408-IMG_0442.JPG,image/jpeg,,,,
b097ee63-cfae-48f4-a16b-6dda2d556568,d6d42e25-be43-4820-909d-708e42219a86,d9d0a6d9-3efc-4d0c-9bbb-06f0a7141fa7,motion detection,2017-10-12T11:37:35+01:00,https://multimedia.agouti.eu/assets/b097ee63-cfae-48f4-a16b-6dda2d556568/file,20221209140447-IMG_0061.JPG,image/jpeg,,,,
8010c3c7-e362-4424-a2b0-6fe73466076c,d6d42e25-be43-4820-909d-708e42219a86,d9d0a6d9-3efc-4d0c-9bbb-06f0a7141fa7,motion detection,2017-10-12T11:37:36+01:00,https://multimedia.agouti.eu/assets/8010c3c7-e362-4424-a2b0-6fe73466076c/file,20221209140446-IMG_0062.JPG,image/jpeg,,,,
3418e395-9b9e-4a3d-bae0-00ce7ca8a202,d6d42e25-be43-4820-909d-708e42219a86,d9d0a6d9-3efc-4d0c-9bbb-06f0a7141fa7,motion detection,2017-10-12T11:37:37+01:00,https://multimedia.agouti.eu/assets/3418e395-9b9e-4a3d-bae0-00ce7ca8a202/file,20221209140446-IMG_0063.JPG,image/jpeg,,,,
1def9c8a-d388-4d1e-bb22-9bf4bf38a458,d6d42e25-be43-4820-909d-708e42219a86,d9d0a6d9-3efc-4d0c-9bbb-06f0a7141fa7,motion detection,2017-10-12T11:37:38+01:00,https://multimedia.agouti.eu/assets/1def9c8a-d388-4d1e-bb22-9bf4bf38a458/file,20221209140446-IMG_0064.JPG,image/jpeg,,,,
4db14e6e-aabd-400d-a8d1-5f91f087b72c,d6d42e25-be43-4820-909d-708e42219a86,d9d0a6d9-3efc-4d0c-9bbb-06f0a7141fa7,motion detection,2017-10-12T11:37:39+01:00,https://multimedia.agouti.eu/assets/4db14e6e-aabd-400d-a8d1-5f91f087b72c/file,20221209140447-IMG_0065.JPG,image/jpeg,,,,
c1c67c79-7204-4ee9-9931-5490de85cab5,d6d42e25-be43-4820-909d-708e42219a86,d9d0a6d9-3efc-4d0c-9bbb-06f0a7141fa7,motion detection,2017-10-12T11:37:40+01:00,https://multimedia.agouti.eu/assets/c1c67c79-7204-4ee9-9931-5490de85cab5/file,20221209140449-IMG_0066.JPG,image/jpeg,,,,
4bdef86a-acfc-483a-9a06-c28a27e8e6d7,d6d42e25-be43-4820-909d-708e42219a86,d9d0a6d9-3efc-4d0c-9bbb-06f0a7141fa7,motion detection,2017-10-12T11:37:41+01:00,https://multimedia.agouti.eu/assets/4bdef86a-acfc-483a-9a06-c28a27e8e6d7/file,20221209140447-IMG_0068.JPG,image/jpeg,,,,
56d82a38-f83a-4972-80ea-1e43a769f625,d6d42e25-be43-4820-909d-708e42219a86,d9d0a6d9-3efc-4d0c-9bbb-06f0a7141fa7,motion detection,2017-10-12T11:37:41+01:00,https://multimedia.agouti.eu/assets/56d82a38-f83a-4972-80ea-1e43a769f625/file,20221209140448-IMG_0067.JPG,image/jpeg,,,,
f887aa46-34b1-49e2-afc6-a98e60e16bea,d6d42e25-be43-4820-909d-708e42219a86,d9d0a6d9-3efc-4d0c-9bbb-06f0a7141fa7,motion detection,2017-10-12T11:37:42+01:00,https://multimedia.agouti.eu/assets/f887aa46-34b1-49e2-afc6-a98e60e16bea/file,20221209140447-IMG_0069.JPG,image/jpeg,,,,
a6246170-a330-43df-a8df-29a00eeada37,d6d42e25-be43-4820-909d-708e42219a86,d9d0a6d9-3efc-4d0c-9bbb-06f0a7141fa7,motion detection,2017-10-12T11:37:43+01:00,https://multimedia.agouti.eu/assets/a6246170-a330-43df-a8df-29a00eeada37/file,20221209140447-IMG_0070.JPG,image/jpeg,,,,
f1fde39b-8124-4702-a756-222df97b76a9,d6d42e25-be43-4820-909d-708e42219a86,d9d0a6d9-3efc-4d0c-9bbb-06f0a7141fa7,motion detection,2017-10-12T11:37:46+01:00,https://multimedia.agouti.eu/assets/f1fde39b-8124-4702-a756-222df97b76a9/file,20221209140448-IMG_0071.JPG,image/jpeg,,,,
88c5e481-915f-442a-ac50-89f497bb62e4,d6d42e25-be43-4820-909d-708e42219a86,d9d0a6d9-3efc-4d0c-9bbb-06f0a7141fa7,motion detection,2017-10-12T11:37:47+01:00,https://multimedia.agouti.eu/assets/88c5e481-915f-442a-ac50-89f497bb62e4/file,20221209140448-IMG_0072.JPG,image/jpeg,,,,
5886d867-7cce-432c-bae6-327670a1b6c7,d6d42e25-be43-4820-909d-708e42219a86,d9d0a6d9-3efc-4d0c-9bbb-06f0a7141fa7,motion detection,2017-10-12T11:37:48+01:00,https://multimedia.agouti.eu/assets/5886d867-7cce-432c-bae6-327670a1b6c7/file,20221209140448-IMG_0073.JPG,image/jpeg,,,,
57e1ccfb-39c5-4f31-986e-122431bcac34,d6d42e25-be43-4820-909d-708e42219a86,d9d0a6d9-3efc-4d0c-9bbb-06f0a7141fa7,motion detection,2017-10-12T11:37:49+01:00,https://multimedia.agouti.eu/assets/57e1ccfb-39c5-4f31-986e-122431bcac34/file,20221209140448-IMG_0074.JPG,image/jpeg,,,,
5933c767-b6be-4d07-a82c-015794cdbfbc,d6d42e25-be43-4820-909d-708e42219a86,d9d0a6d9-3efc-4d0c-9bbb-06f0a7141fa7,motion detection,2017-10-12T11:37:50+01:00,https://multimedia.agouti.eu/assets/5933c767-b6be-4d07-a82c-015794cdbfbc/file,20221209140448-IMG_0075.JPG,image/jpeg,,,,
0dca3f69-cbaf-4a86-bc6e-0d7245808563,d6d42e25-be43-4820-909d-708e42219a86,d9d0a6d9-3efc-4d0c-9bbb-06f0a7141fa7,motion detection,2017-10-12T11:37:51+01:00,https://multimedia.agouti.eu/assets/0dca3f69-cbaf-4a86-bc6e-0d7245808563/file,20221209140448-IMG_0076.JPG,image/jpeg,,,,
4ad55851-f914-4c25-bb3d-9cf4b48b012d,d6d42e25-be43-4820-909d-708e42219a86,d9d0a6d9-3efc-4d0c-9bbb-06f0a7141fa7,motion detection,2017-10-12T11:37:52+01:00,https://multimedia.agouti.eu/assets/4ad55851-f914-4c25-bb3d-9cf4b48b012d/file,20221209140448-IMG_0077.JPG,image/jpeg,,,,
44befcb7-2afe-4a8e-a3c9-c732fdc2d3bc,d6d42e25-be43-4820-909d-708e42219a86,d9d0a6d9-3efc-4d0c-9bbb-06f0a7141fa7,motion detection,2017-10-12T11:37:53+01:00,https://multimedia.agouti.eu/assets/44befcb7-2afe-4a8e-a3c9-c732fdc2d3bc/file,20221209140448-IMG_0078.JPG,image/jpeg,,,,
24a8fb41-b316-44e8-a4de-a7b1535de154,d6d42e25-be43-4820-909d-708e42219a86,d9d0a6d9-3efc-4d0c-9bbb-06f0a7141fa7,motion detection,2017-10-12T11:37:54+01:00,https://multimedia.agouti.eu/assets/24a8fb41-b316-44e8-a4de-a7b1535de154/file,20221209140448-IMG_0079.JPG,image/jpeg,,,,
5e6c0ca4-74bc-492a-8d4f-a5958e02a7d3,d6d42e25-be43-4820-909d-708e42219a86,d9d0a6d9-3efc-4d0c-9bbb-06f0a7141fa7,motion detection,2017-10-12T11:37:55+01:00,https://multimedia.agouti.eu/assets/5e6c0ca4-74bc-492a-8d4f-a5958e02a7d3/file,20221209140449-IMG_0080.JPG,image/jpeg,,,,
0828b335-219e-4369-8107-9df2cf5c92b4,d6d42e25-be43-4820-909d-708e42219a86,d9d0a6d9-3efc-4d0c-9bbb-06f0a7141fa7,motion detection,2017-10-12T11:37:56+01:00,https://multimedia.agouti.eu/assets/0828b335-219e-4369-8107-9df2cf5c92b4/file,20221209140449-IMG_0081.JPG,image/jpeg,,,,
0a1a5e33-d84e-4613-b004-7922980b3ff0,d6d42e25-be43-4820-909d-708e42219a86,d9d0a6d9-3efc-4d0c-9bbb-06f0a7141fa7,motion detection,2017-10-12T11:37:57+01:00,https://multimedia.agouti.eu/assets/0a1a5e33-d84e-4613-b004-7922980b3ff0/file,20221209140449-IMG_0082.JPG,image/jpeg,,,,
f769666c-00df-4412-a831-7c95552f0ae1,d6d42e25-be43-4820-909d-708e42219a86,d9d0a6d9-3efc-4d0c-9bbb-06f0a7141fa7,motion detection,2017-10-12T11:37:58+01:00,https://multimedia.agouti.eu/assets/f769666c-00df-4412-a831-7c95552f0ae1/file,20221209140449-IMG_0083.JPG,image/jpeg,,,,
989cf8ca-943a-439a-965d-bf8da567ca0d,d6d42e25-be43-4820-909d-708e42219a86,d9d0a6d9-3efc-4d0c-9bbb-06f0a7141fa7,motion detection,2017-10-12T11:37:59+01:00,https://multimedia.agouti.eu/assets/989cf8ca-943a-439a-965d-bf8da567ca0d/file,20221209140449-IMG_0084.JPG,image/jpeg,,,,
f4e03b57-17e9-4a64-b8b9-4f57ecbaee72,d6d42e25-be43-4820-909d-708e42219a86,d9d0a6d9-3efc-4d0c-9bbb-06f0a7141fa7,motion detection,2017-10-12T11:38:00+01:00,https://multimedia.agouti.eu/assets/f4e03b57-17e9-4a64-b8b9-4f57ecbaee72/file,20221209140449-IMG_0085.JPG,image/jpeg,,,,
bb2a8be2-1f64-434a-931a-5fb4dee4d0ba,d6d42e25-be43-4820-909d-708e42219a86,d9d0a6d9-3efc-4d0c-9bbb-06f0a7141fa7,motion detection,2017-10-12T11:38:01+01:00,https://multimedia.agouti.eu/assets/bb2a8be2-1f64-434a-931a-5fb4dee4d0ba/file,20221209140449-IMG_0086.JPG,image/jpeg,,,,
70e739cc-1074-4e98-b818-97b3fd043cd5,d6d42e25-be43-4820-909d-708e42219a86,d9d0a6d9-3efc-4d0c-9bbb-06f0a7141fa7,motion detection,2017-10-12T11:38:02+01:00,https://multimedia.agouti.eu/assets/70e739cc-1074-4e98-b818-97b3fd043cd5/file,20221209140449-IMG_0087.JPG,image/jpeg,,,,
54bbb32b-2881-43ca-bad9-c868643597ea,d6d42e25-be43-4820-909d-708e42219a86,d9d0a6d9-3efc-4d0c-9bbb-06f0a7141fa7,motion detection,2017-10-12T11:38:02+01:00,https://multimedia.agouti.eu/assets/54bbb32b-2881-43ca-bad9-c868643597ea/file,20221209140449-IMG_0088.JPG,image/jpeg,,,,
eb06d4a9-de90-4bf1-8c11-ccdc35239aef,d6d42e25-be43-4820-909d-708e42219a86,d9d0a6d9-3efc-4d0c-9bbb-06f0a7141fa7,motion detection,2017-10-12T11:38:03+01:00,https://multimedia.agouti.eu/assets/eb06d4a9-de90-4bf1-8c11-ccdc35239aef/file,20221209140449-IMG_0089.JPG,image/jpeg,,,,
ab6d3812-5064-4c6b-87ac-8c3757b07abe,d6d42e25-be43-4820-909d-708e42219a86,d9d0a6d9-3efc-4d0c-9bbb-06f0a7141fa7,motion detection,2017-10-12T11:38:04+01:00,https://multimedia.agouti.eu/assets/ab6d3812-5064-4c6b-87ac-8c3757b07abe/file,20221209140449-IMG_0090.JPG,image/jpeg,,,,
175f49be-6490-4f8f-b421-c8b40aacb638,d6d42e25-be43-4820-909d-708e42219a86,d9d0a6d9-3efc-4d0c-9bbb-06f0a7141fa7,motion detection,2017-10-12T11:38:06+01:00,https://multimedia.agouti.eu/assets/175f49be-6490-4f8f-b421-c8b40aacb638/file,20221209140449-IMG_0091.JPG,image/jpeg,,,,
2837d823-6377-4fd6-a91b-1221eee26d96,d6d42e25-be43-4820-909d-708e42219a86,d9d0a6d9-3efc-4d0c-9bbb-06f0a7141fa7,motion detection,2017-10-12T11:38:07+01:00,https://multimedia.agouti.eu/assets/2837d823-6377-4fd6-a91b-1221eee26d96/file,20221209140449-IMG_0092.JPG,image/jpeg,,,,
f9bdbe20-d869-4807-b025-a4d7d177458f,d6d42e25-be43-4820-909d-708e42219a86,d9d0a6d9-3efc-4d0c-9bbb-06f0a7141fa7,motion detection,2017-10-12T11:38:08+01:00,https://multimedia.agouti.eu/assets/f9bdbe20-d869-4807-b025-a4d7d177458f/file,20221209140449-IMG_0093.JPG,image/jpeg,,,,
7421369e-e0a3-40af-8a6f-7b04e8752a26,d6d42e25-be43-4820-909d-708e42219a86,d9d0a6d9-3efc-4d0c-9bbb-06f0a7141fa7,motion detection,2017-10-12T11:38:08+01:00,https://multimedia.agouti.eu/assets/7421369e-e0a3-40af-8a6f-7b04e8752a26/file,20221209140449-IMG_0094.JPG,image/jpeg,,,,
d292f5ea-837d-497f-a5ab-4b32cf1426d9,d6d42e25-be43-4820-909d-708e42219a86,d9d0a6d9-3efc-4d0c-9bbb-06f0a7141fa7,motion detection,2017-10-12T11:38:09+01:00,https://multimedia.agouti.eu/assets/d292f5ea-837d-497f-a5ab-4b32cf1426d9/file,20221209140449-IMG_0095.JPG,image/jpeg,,,,
39ec28d5-4e41-44b6-b30b-9e80497b3c33,d6d42e25-be43-4820-909d-708e42219a86,d9d0a6d9-3efc-4d0c-9bbb-06f0a7141fa7,motion detection,2017-10-12T11:38:10+01:00,https://multimedia.agouti.eu/assets/39ec28d5-4e41-44b6-b30b-9e80497b3c33/file,20221209140450-IMG_0096.JPG,image/jpeg,,,,
5f6bd2c2-5307-4695-a940-a0d512685b0f,d6d42e25-be43-4820-909d-708e42219a86,d9d0a6d9-3efc-4d0c-9bbb-06f0a7141fa7,motion detection,2017-10-12T11:38:11+01:00,https://multimedia.agouti.eu/assets/5f6bd2c2-5307-4695-a940-a0d512685b0f/file,20221209140450-IMG_0097.JPG,image/jpeg,,,,
518d5c1d-96ec-4b85-bd21-2ffbcc3b57b1,d6d42e25-be43-4820-909d-708e42219a86,d9d0a6d9-3efc-4d0c-9bbb-06f0a7141fa7,motion detection,2017-10-12T11:38:12+01:00,https://multimedia.agouti.eu/assets/518d5c1d-96ec-4b85-bd21-2ffbcc3b57b1/file,20221209140450-IMG_0098.JPG,image/jpeg,,,,
fe5180b6-c6b8-4403-b0ce-da9e633bb8cf,d6d42e25-be43-4820-909d-708e42219a86,d9d0a6d9-3efc-4d0c-9bbb-06f0a7141fa7,motion detection,2017-10-12T11:38:13+01:00,https://multimedia.agouti.eu/assets/fe5180b6-c6b8-4403-b0ce-da9e633bb8cf/file,20221209140450-IMG_0099.JPG,image/jpeg,,,,
5352b46c-065b-4a14-9591-2ce8e151aaea,d6d42e25-be43-4820-909d-708e42219a86,d9d0a6d9-3efc-4d0c-9bbb-06f0a7141fa7,motion detection,2017-10-12T11:38:14+01:00,https://multimedia.agouti.eu/assets/5352b46c-065b-4a14-9591-2ce8e151aaea/file,20221209140450-IMG_0100.JPG,image/jpeg,,,,
d3d2d07d-cb04-41bb-b1a4-2d1de1d1c6f5,d6d42e25-be43-4820-909d-708e42219a86,d9d0a6d9-3efc-4d0c-9bbb-06f0a7141fa7,motion detection,2017-10-12T11:38:21+01:00,https://multimedia.agouti.eu/assets/d3d2d07d-cb04-41bb-b1a4-2d1de1d1c6f5/file,20221209140450-IMG_0101.JPG,image/jpeg,,,,
a90c5e5c-e9a9-42c1-a3dc-3f4f58f49741,d6d42e25-be43-4820-909d-708e42219a86,d9d0a6d9-3efc-4d0c-9bbb-06f0a7141fa7,motion detection,2017-10-12T11:38:22+01:00,https://multimedia.agouti.eu/assets/a90c5e5c-e9a9-42c1-a3dc-3f4f58f49741/file,20221209140450-IMG_0102.JPG,image/jpeg,,,,
47ecb2d7-16ae-483b-88b7-ff07d1fd1bdc,d6d42e25-be43-4820-909d-708e42219a86,d9d0a6d9-3efc-4d0c-9bbb-06f0a7141fa7,motion detection,2017-10-12T11:38:23+01:00,https://multimedia.agouti.eu/assets/47ecb2d7-16ae-483b-88b7-ff07d1fd1bdc/file,20221209140450-IMG_0103.JPG,image/jpeg,,,,
9ec3f5ea-c13d-4f0c-8402-e3a6f97cdff3,d6d42e25-be43-4820-909d-708e42219a86,d9d0a6d9-3efc-4d0c-9bbb-06f0a7141fa7,motion detection,2017-10-12T11:38:24+01:00,https://multimedia.agouti.eu/assets/9ec3f5ea-c13d-4f0c-8402-e3a6f97cdff3/file,20221209140450-IMG_0104.JPG,image/jpeg,,,,
e2716c7d-39f0-43a9-a691-7def054cc052,d6d42e25-be43-4820-909d-708e42219a86,d9d0a6d9-3efc-4d0c-9bbb-06f0a7141fa7,motion detection,2017-10-12T11:38:25+01:00,https://multimedia.agouti.eu/assets/e2716c7d-39f0-43a9-a691-7def054cc052/file,20221209140450-IMG_0105.JPG,image/jpeg,,,,
633bb89e-d1c3-421d-bde7-eec1652781e5,d6d42e25-be43-4820-909d-708e42219a86,d9d0a6d9-3efc-4d0c-9bbb-06f0a7141fa7,motion detection,2017-10-12T11:38:25+01:00,https://multimedia.agouti.eu/assets/633bb89e-d1c3-421d-bde7-eec1652781e5/file,20221209140450-IMG_0106.JPG,image/jpeg,,,,
a4f9373b-5653-40d5-ab9f-4ef3190441bc,d6d42e25-be43-4820-909d-708e42219a86,d9d0a6d9-3efc-4d0c-9bbb-06f0a7141fa7,motion detection,2017-10-12T11:38:26+01:00,https://multimedia.agouti.eu/assets/a4f9373b-5653-40d5-ab9f-4ef3190441bc/file,20221209140450-IMG_0107.JPG,image/jpeg,,,,
b129911d-6eba-4e50-b533-61fece7929f4,d6d42e25-be43-4820-909d-708e42219a86,d9d0a6d9-3efc-4d0c-9bbb-06f0a7141fa7,motion detection,2017-10-12T11:38:27+01:00,https://multimedia.agouti.eu/assets/b129911d-6eba-4e50-b533-61fece7929f4/file,20221209140450-IMG_0108.JPG,image/jpeg,,,,
aa0d04b8-6b5f-4f67-b282-76a5eb71190f,d6d42e25-be43-4820-909d-708e42219a86,d9d0a6d9-3efc-4d0c-9bbb-06f0a7141fa7,motion detection,2017-10-12T11:38:28+01:00,https://multimedia.agouti.eu/assets/aa0d04b8-6b5f-4f67-b282-76a5eb71190f/file,20221209140450-IMG_0109.JPG,image/jpeg,,,,
e482b2c3-36df-439d-95d8-7b5baccc1028,d6d42e25-be43-4820-909d-708e42219a86,d9d0a6d9-3efc-4d0c-9bbb-06f0a7141fa7,motion detection,2017-10-12T11:38:29+01:00,https://multimedia.agouti.eu/assets/e482b2c3-36df-439d-95d8-7b5baccc1028/file,20221209140450-IMG_0110.JPG,image/jpeg,,,,
970e11b5-d3ff-4e38-8662-afd6564ecf76,d6d42e25-be43-4820-909d-708e42219a86,d9d0a6d9-3efc-4d0c-9bbb-06f0a7141fa7,motion detection,2017-10-12T11:38:31+01:00,https://multimedia.agouti.eu/assets/970e11b5-d3ff-4e38-8662-afd6564ecf76/file,20221209140450-IMG_0111.JPG,image/jpeg,,,,
6c7501ba-eb39-4007-968f-0b0cd6412247,d6d42e25-be43-4820-909d-708e42219a86,d9d0a6d9-3efc-4d0c-9bbb-06f0a7141fa7,motion detection,2017-10-12T11:38:32+01:00,https://multimedia.agouti.eu/assets/6c7501ba-eb39-4007-968f-0b0cd6412247/file,20221209140450-IMG_0112.JPG,image/jpeg,,,,
c4d7e8b4-e44f-499b-a3b6-64f415e6509c,d6d42e25-be43-4820-909d-708e42219a86,d9d0a6d9-3efc-4d0c-9bbb-06f0a7141fa7,motion detection,2017-10-12T11:38:33+01:00,https://multimedia.agouti.eu/assets/c4d7e8b4-e44f-499b-a3b6-64f415e6509c/file,20221209140450-IMG_0113.JPG,image/jpeg,,,,
1fd9268d-776c-4d66-a530-f81a58c0d175,d6d42e25-be43-4820-909d-708e42219a86,d9d0a6d9-3efc-4d0c-9bbb-06f0a7141fa7,motion detection,2017-10-12T11:38:34+01:00,https://multimedia.agouti.eu/assets/1fd9268d-776c-4d66-a530-f81a58c0d175/file,20221209140450-IMG_0114.JPG,image/jpeg,,,,
3e4fb304-9395-4204-9bf4-af5a1ec63c98,d6d42e25-be43-4820-909d-708e42219a86,d9d0a6d9-3efc-4d0c-9bbb-06f0a7141fa7,motion detection,2017-10-12T11:38:35+01:00,https://multimedia.agouti.eu/assets/3e4fb304-9395-4204-9bf4-af5a1ec63c98/file,20221209140451-IMG_0115.JPG,image/jpeg,,,,
cc5c7b9e-398e-4442-a5a9-d27387d3c2f8,d6d42e25-be43-4820-909d-708e42219a86,d9d0a6d9-3efc-4d0c-9bbb-06f0a7141fa7,motion detection,2017-10-12T11:38:35+01:00,https://multimedia.agouti.eu/assets/cc5c7b9e-398e-4442-a5a9-d27387d3c2f8/file,20221209140452-IMG_0116.JPG,image/jpeg,,,,
d37a1d9b-ea9e-4fc9-9ec5-ca9f7f01e238,d6d42e25-be43-4820-909d-708e42219a86,d9d0a6d9-3efc-4d0c-9bbb-06f0a7141fa7,motion detection,2017-10-12T11:38:36+01:00,https://multimedia.agouti.eu/assets/d37a1d9b-ea9e-4fc9-9ec5-ca9f7f01e238/file,20221209140451-IMG_0117.JPG,image/jpeg,,,,
0229e436-867c-4857-8152-a176481dfbe9,d6d42e25-be43-4820-909d-708e42219a86,d9d0a6d9-3efc-4d0c-9bbb-06f0a7141fa7,motion detection,2017-10-12T11:38:37+01:00,https://multimedia.agouti.eu/assets/0229e436-867c-4857-8152-a176481dfbe9/file,20221209140451-IMG_0118.JPG,image/jpeg,,,,
92c52906-60c4-45b2-8f57-9fce501b3bcd,d6d42e25-be43-4820-909d-708e42219a86,d9d0a6d9-3efc-4d0c-9bbb-06f0a7141fa7,motion detection,2017-10-12T11:38:38+01:00,https://multimedia.agouti.eu/assets/92c52906-60c4-45b2-8f57-9fce501b3bcd/file,20221209140451-IMG_0119.JPG,image/jpeg,,,,
26dd7efe-78bc-460b-9238-fa6154eea41d,d6d42e25-be43-4820-909d-708e42219a86,d9d0a6d9-3efc-4d0c-9bbb-06f0a7141fa7,motion detection,2017-10-12T11:38:39+01:00,https://multimedia.agouti.eu/assets/26dd7efe-78bc-460b-9238-fa6154eea41d/file,20221209140451-IMG_0120.JPG,image/jpeg,,,,
f096830b-6957-446a-9ae8-00c1e3817492,d6d42e25-be43-4820-909d-708e42219a86,d9d0a6d9-3efc-4d0c-9bbb-06f0a7141fa7,motion detection,2017-10-12T11:38:54+01:00,https://multimedia.agouti.eu/assets/f096830b-6957-446a-9ae8-00c1e3817492/file,20221209140451-IMG_0121.JPG,image/jpeg,,,,
63eda21b-7693-4ff5-904f-3acbb3ddbd13,d6d42e25-be43-4820-909d-708e42219a86,d9d0a6d9-3efc-4d0c-9bbb-06f0a7141fa7,motion detection,2017-10-12T11:38:55+01:00,https://multimedia.agouti.eu/assets/63eda21b-7693-4ff5-904f-3acbb3ddbd13/file,20221209140451-IMG_0122.JPG,image/jpeg,,,,
29d6cc56-df66-410a-908c-57856912eb2a,d6d42e25-be43-4820-909d-708e42219a86,d9d0a6d9-3efc-4d0c-9bbb-06f0a7141fa7,motion detection,2017-10-12T11:38:56+01:00,https://multimedia.agouti.eu/assets/29d6cc56-df66-410a-908c-57856912eb2a/file,20221209140451-IMG_0123.JPG,image/jpeg,,,,
e9c8411b-7659-4dfd-b916-d616ce6f454b,d6d42e25-be43-4820-909d-708e42219a86,d9d0a6d9-3efc-4d0c-9bbb-06f0a7141fa7,motion detection,2017-10-12T11:38:56+01:00,https://multimedia.agouti.eu/assets/e9c8411b-7659-4dfd-b916-d616ce6f454b/file,20221209140451-IMG_0124.JPG,image/jpeg,,,,
2cce282f-dddd-4505-aa87-fc8bbaee6c00,d6d42e25-be43-4820-909d-708e42219a86,d9d0a6d9-3efc-4d0c-9bbb-06f0a7141fa7,motion detection,2017-10-12T11:38:57+01:00,https://multimedia.agouti.eu/assets/2cce282f-dddd-4505-aa87-fc8bbaee6c00/file,20221209140451-IMG_0125.JPG,image/jpeg,,,,
e6fcd6e8-16f7-4b8d-a1a6-8286e9bf78af,d6d42e25-be43-4820-909d-708e42219a86,d9d0a6d9-3efc-4d0c-9bbb-06f0a7141fa7,motion detection,2017-10-12T11:38:58+01:00,https://multimedia.agouti.eu/assets/e6fcd6e8-16f7-4b8d-a1a6-8286e9bf78af/file,20221209140451-IMG_0126.JPG,image/jpeg,,,,
2cc2eca2-c934-40f6-8f28-9c9cd36d54d7,d6d42e25-be43-4820-909d-708e42219a86,d9d0a6d9-3efc-4d0c-9bbb-06f0a7141fa7,motion detection,2017-10-12T11:38:59+01:00,https://multimedia.agouti.eu/assets/2cc2eca2-c934-40f6-8f28-9c9cd36d54d7/file,20221209140451-IMG_0127.JPG,image/jpeg,,,,
717f38de-3f1f-4ae9-9899-fe960fe738a2,d6d42e25-be43-4820-909d-708e42219a86,d9d0a6d9-3efc-4d0c-9bbb-06f0a7141fa7,motion detection,2017-10-12T11:39:00+01:00,https://multimedia.agouti.eu/assets/717f38de-3f1f-4ae9-9899-fe960fe738a2/file,20221209140451-IMG_0128.JPG,image/jpeg,,,,
f4b2b509-9711-4398-b8d9-cde8287c88b9,d6d42e25-be43-4820-909d-708e42219a86,d9d0a6d9-3efc-4d0c-9bbb-06f0a7141fa7,motion detection,2017-10-12T11:39:00+01:00,https://multimedia.agouti.eu/assets/f4b2b509-9711-4398-b8d9-cde8287c88b9/file,20221209140452-IMG_0129.JPG,image/jpeg,,,,
6e94c9de-3e20-417e-b27d-489b28ac91f5,d6d42e25-be43-4820-909d-708e42219a86,d9d0a6d9-3efc-4d0c-9bbb-06f0a7141fa7,motion detection,2017-10-12T11:39:01+01:00,https://multimedia.agouti.eu/assets/6e94c9de-3e20-417e-b27d-489b28ac91f5/file,20221209140452-IMG_0130.JPG,image/jpeg,,,,
c1c98c48-daed-43a7-b9d7-5fbb822e30c2,d6d42e25-be43-4820-909d-708e42219a86,d9d0a6d9-3efc-4d0c-9bbb-06f0a7141fa7,motion detection,2017-10-12T11:39:06+01:00,https://multimedia.agouti.eu/assets/c1c98c48-daed-43a7-b9d7-5fbb822e30c2/file,20221209140452-IMG_0131.JPG,image/jpeg,,,,
6f153b3c-f8c1-4729-b94f-b815157dc972,d6d42e25-be43-4820-909d-708e42219a86,d9d0a6d9-3efc-4d0c-9bbb-06f0a7141fa7,motion detection,2017-10-12T11:39:07+01:00,https://multimedia.agouti.eu/assets/6f153b3c-f8c1-4729-b94f-b815157dc972/file,20221209140452-IMG_0132.JPG,image/jpeg,,,,
56ad6530-2802-49f4-a9b5-7298eaf07eda,d6d42e25-be43-4820-909d-708e42219a86,d9d0a6d9-3efc-4d0c-9bbb-06f0a7141fa7,motion detection,2017-10-12T11:39:08+01:00,https://multimedia.agouti.eu/assets/56ad6530-2802-49f4-a9b5-7298eaf07eda/file,20221209140452-IMG_0133.JPG,image/jpeg,,,,
850b4fdf-8af5-4096-8f53-1ee2f70397e0,d6d42e25-be43-4820-909d-708e42219a86,d9d0a6d9-3efc-4d0c-9bbb-06f0a7141fa7,motion detection,2017-10-12T11:39:09+01:00,https://multimedia.agouti.eu/assets/850b4fdf-8af5-4096-8f53-1ee2f70397e0/file,20221209140452-IMG_0134.JPG,image/jpeg,,,,
36d6d88e-5846-4265-8f88-114a55fd4824,d6d42e25-be43-4820-909d-708e42219a86,d9d0a6d9-3efc-4d0c-9bbb-06f0a7141fa7,motion detection,2017-10-12T11:39:10+01:00,https://multimedia.agouti.eu/assets/36d6d88e-5846-4265-8f88-114a55fd4824/file,20221209140452-IMG_0135.JPG,image/jpeg,,,,
5f7fd0de-21a4-48a0-9a2e-9f3903e6e50e,d6d42e25-be43-4820-909d-708e42219a86,d9d0a6d9-3efc-4d0c-9bbb-06f0a7141fa7,motion detection,2017-10-12T11:39:11+01:00,https://multimedia.agouti.eu/assets/5f7fd0de-21a4-48a0-9a2e-9f3903e6e50e/file,20221209140452-IMG_0136.JPG,image/jpeg,,,,
6144d134-d018-4dd8-9dfa-2d769993b196,d6d42e25-be43-4820-909d-708e42219a86,d9d0a6d9-3efc-4d0c-9bbb-06f0a7141fa7,motion detection,2017-10-12T11:39:12+01:00,https://multimedia.agouti.eu/assets/6144d134-d018-4dd8-9dfa-2d769993b196/file,20221209140452-IMG_0137.JPG,image/jpeg,,,,
d09e491b-8583-496e-85b0-cab7f701776d,d6d42e25-be43-4820-909d-708e42219a86,d9d0a6d9-3efc-4d0c-9bbb-06f0a7141fa7,motion detection,2017-10-12T11:39:12+01:00,https://multimedia.agouti.eu/assets/d09e491b-8583-496e-85b0-cab7f701776d/file,20221209140452-IMG_0138.JPG,image/jpeg,,,,
9ad58b68-b83f-489d-a54e-c9a33ebfa0f0,d6d42e25-be43-4820-909d-708e42219a86,d9d0a6d9-3efc-4d0c-9bbb-06f0a7141fa7,motion detection,2017-10-12T11:39:13+01:00,https://multimedia.agouti.eu/assets/9ad58b68-b83f-489d-a54e-c9a33ebfa0f0/file,20221209140452-IMG_0139.JPG,image/jpeg,,,,
cb7e6565-7efa-4ad8-a97a-4125965d76c7,d6d42e25-be43-4820-909d-708e42219a86,d9d0a6d9-3efc-4d0c-9bbb-06f0a7141fa7,motion detection,2017-10-12T11:39:14+01:00,https://multimedia.agouti.eu/assets/cb7e6565-7efa-4ad8-a97a-4125965d76c7/file,20221209140452-IMG_0140.JPG,image/jpeg,,,,
f906711a-4c83-4a35-a7b5-85f96934d57a,d6d42e25-be43-4820-909d-708e42219a86,51828aba-7f5e-491d-83a2-0a1bd48bec72,motion detection,2017-10-12T21:56:49+01:00,https://multimedia.agouti.eu/assets/f906711a-4c83-4a35-a7b5-85f96934d57a/file,20221209140452-IMG_0451.JPG,image/jpeg,,,,
56154608-4e6f-43d0-af96-fd9e7c99c407,d6d42e25-be43-4820-909d-708e42219a86,65417b49-8f68-4275-8c7e-371a003cdb9b,motion detection,2017-10-13T02:08:43+01:00,https://multimedia.agouti.eu/assets/56154608-4e6f-43d0-af96-fd9e7c99c407/file,20221209140452-IMG_0461.JPG,image/jpeg,,,,
07bafe09-c56a-429c-a91b-c5a0eb8c2763,d6d42e25-be43-4820-909d-708e42219a86,65417b49-8f68-4275-8c7e-371a003cdb9b,motion detection,2017-10-13T02:08:43+01:00,https://multimedia.agouti.eu/assets/07bafe09-c56a-429c-a91b-c5a0eb8c2763/file,20221209140452-IMG_0462.JPG,image/jpeg,,,,
6d6b8fd2-4047-4d1c-a42e-beedf532fd44,d6d42e25-be43-4820-909d-708e42219a86,65417b49-8f68-4275-8c7e-371a003cdb9b,motion detection,2017-10-13T02:08:44+01:00,https://multimedia.agouti.eu/assets/6d6b8fd2-4047-4d1c-a42e-beedf532fd44/file,20221209140452-IMG_0463.JPG,image/jpeg,,,,
377bcc89-bee2-4eec-a9d5-cb22cd1d2ff0,d6d42e25-be43-4820-909d-708e42219a86,8e6bac9e-3b4d-4124-96d0-5b84711f6b20,motion detection,2017-10-15T04:08:10+01:00,https://multimedia.agouti.eu/assets/377bcc89-bee2-4eec-a9d5-cb22cd1d2ff0/file,20221209140453-IMG_3231.JPG,image/jpeg,,,,
2b65c32e-03db-4da5-a9e5-30d054474c7d,d6d42e25-be43-4820-909d-708e42219a86,25c44a0a-e861-49af-ba60-a795e2fe2156,motion detection,2017-10-16T20:48:29+01:00,https://multimedia.agouti.eu/assets/2b65c32e-03db-4da5-a9e5-30d054474c7d/file,20221209140452-IMG_4311.JPG,image/jpeg,,,,
038859fc-6c8a-4473-93d2-1561ea731786,d6d42e25-be43-4820-909d-708e42219a86,57da0ff9-f45f-481c-95a8-55bc84e916b8,motion detection,2017-10-17T20:18:00+01:00,https://multimedia.agouti.eu/assets/038859fc-6c8a-4473-93d2-1561ea731786/file,20221209140453-IMG_4821.JPG,image/jpeg,,,,
4d4b2710-4d97-4386-8513-95325b87d265,d6d42e25-be43-4820-909d-708e42219a86,57da0ff9-f45f-481c-95a8-55bc84e916b8,motion detection,2017-10-17T20:18:01+01:00,https://multimedia.agouti.eu/assets/4d4b2710-4d97-4386-8513-95325b87d265/file,20221209140453-IMG_4822.JPG,image/jpeg,,,,
971bd741-7085-4461-9a79-a5a7d489abd8,d6d42e25-be43-4820-909d-708e42219a86,57da0ff9-f45f-481c-95a8-55bc84e916b8,motion detection,2017-10-17T20:18:02+01:00,https://multimedia.agouti.eu/assets/971bd741-7085-4461-9a79-a5a7d489abd8/file,20221209140453-IMG_4823.JPG,image/jpeg,,,,
f09281a3-bc82-4b79-9345-d9543bc76017,d6d42e25-be43-4820-909d-708e42219a86,57da0ff9-f45f-481c-95a8-55bc84e916b8,motion detection,2017-10-17T20:18:02+01:00,https://multimedia.agouti.eu/assets/f09281a3-bc82-4b79-9345-d9543bc76017/file,20221209140453-IMG_4824.JPG,image/jpeg,,,,
a55c110f-69f6-410b-b166-97d5d78d742b,d6d42e25-be43-4820-909d-708e42219a86,0def7979-69d6-4f15-b179-8614c9af5180,motion detection,2017-10-17T20:50:01+01:00,https://multimedia.agouti.eu/assets/a55c110f-69f6-410b-b166-97d5d78d742b/file,20221209140453-IMG_4831.JPG,image/jpeg,,,,
e4f44e31-59f3-4f33-9788-8eeb5ec17c28,d6d42e25-be43-4820-909d-708e42219a86,0def7979-69d6-4f15-b179-8614c9af5180,motion detection,2017-10-17T20:50:01+01:00,https://multimedia.agouti.eu/assets/e4f44e31-59f3-4f33-9788-8eeb5ec17c28/file,20221209140453-IMG_4832.JPG,image/jpeg,,,,
d0836ded-a934-4dc2-8e12-6c0c9835ea98,d6d42e25-be43-4820-909d-708e42219a86,0def7979-69d6-4f15-b179-8614c9af5180,motion detection,2017-10-17T20:50:02+01:00,https://multimedia.agouti.eu/assets/d0836ded-a934-4dc2-8e12-6c0c9835ea98/file,20221209140453-IMG_4833.JPG,image/jpeg,,,,
ddaa07d4-d8fd-4577-85d6-86696496859b,d6d42e25-be43-4820-909d-708e42219a86,0def7979-69d6-4f15-b179-8614c9af5180,motion detection,2017-10-17T20:50:03+01:00,https://multimedia.agouti.eu/assets/ddaa07d4-d8fd-4577-85d6-86696496859b/file,20221209140453-IMG_4834.JPG,image/jpeg,,,,
9c6c6d3c-a25a-4825-946e-7fecc68ac34f,d6d42e25-be43-4820-909d-708e42219a86,0def7979-69d6-4f15-b179-8614c9af5180,motion detection,2017-10-17T20:50:03+01:00,https://multimedia.agouti.eu/assets/9c6c6d3c-a25a-4825-946e-7fecc68ac34f/file,20221209140453-IMG_4835.JPG,image/jpeg,,,,
4317a19a-2fa1-4600-84fc-4542ed33d896,d6d42e25-be43-4820-909d-708e42219a86,4d277607-cf47-4de6-ae18-e396dd7545db,motion detection,2017-10-22T04:14:28+01:00,https://multimedia.agouti.eu/assets/4317a19a-2fa1-4600-84fc-4542ed33d896/file,20221209140453-IMG_7034.JPG,image/jpeg,,,,
441788ed-3253-4f21-9d7a-9f91bd28a358,d6d42e25-be43-4820-909d-708e42219a86,4d277607-cf47-4de6-ae18-e396dd7545db,motion detection,2017-10-22T04:16:26+01:00,https://multimedia.agouti.eu/assets/441788ed-3253-4f21-9d7a-9f91bd28a358/file,20221209140454-IMG_7054.JPG,image/jpeg,,,,
139df564-31e9-417f-b306-d94e367b8344,d6d42e25-be43-4820-909d-708e42219a86,b6fb6c74-cd08-45ec-b2aa-c575bddf03b7,motion detection,2017-10-22T23:29:05+01:00,https://multimedia.agouti.eu/assets/139df564-31e9-417f-b306-d94e367b8344/file,20221209140453-IMG_7744.JPG,image/jpeg,,,,
f9a6829d-872b-49c1-aade-81a3de759f40,d6d42e25-be43-4820-909d-708e42219a86,b6fb6c74-cd08-45ec-b2aa-c575bddf03b7,motion detection,2017-10-22T23:29:06+01:00,https://multimedia.agouti.eu/assets/f9a6829d-872b-49c1-aade-81a3de759f40/file,20221209140453-IMG_7745.JPG,image/jpeg,,,,
8e7731a1-7828-46c9-8bf1-1307ff576f82,d6d42e25-be43-4820-909d-708e42219a86,3d50a039-14f0-42ea-93a3-127defa033ef,motion detection,2017-10-23T05:38:02+01:00,https://multimedia.agouti.eu/assets/8e7731a1-7828-46c9-8bf1-1307ff576f82/file,20221209140454-IMG_7754.JPG,image/jpeg,,,,
046b29b4-e1d7-4155-b1aa-24c46cf015fc,d6d42e25-be43-4820-909d-708e42219a86,2781eafc-f192-47be-a9c9-4c5679210f88,motion detection,2017-10-25T01:50:57+01:00,https://multimedia.agouti.eu/assets/046b29b4-e1d7-4155-b1aa-24c46cf015fc/file,20221209140454-IMG_8334.JPG,image/jpeg,,,,
